"","REGION","PRIMARY_SAMPLE_UNIT","STATION_NR","YEAR","MONTH","DAY","HABITAT_CD","strat_cora","RUGOSITY_CD","LAT_DEGREES","LON_DEGREES","MAPGRID_NR","DEPTH_STRAT","survey_type","analysis_group","count"
"1","FLK","AA1224",1,2024,9,23,"CONT_LR","CFK06",NA,25.72758,-80.10202,4146702,"CD2","DRM","NCRMP_GRP",NA
"2","FLK","AA1225",1,2024,9,19,"ISOL_MR","CFK08",NA,25.72567,-80.0896,4146087,"CD3","DRM","NCRMP_NA",NA
"3","FLK","AA1226",1,2024,9,23,"CONT_LR","CFK06",NA,25.72543,-80.10003,4145906,"CD2","DRM","NCRMP_GRP",NA
"4","FLK","AA1227",1,2024,9,19,"CONT_LR","CFK07",NA,25.72468,-80.09885,4145748,"CD2","DRM","NCRMP_GRP",NA
"5","FLK","AA1228",1,2024,9,24,"ISOL_MR","CFK01",NA,25.71773,-80.11615,4143154,"CD0","DRM","NCRMP_GRP",NA
"6","FLK","AA1229",1,2024,9,19,"CONT_LR","CFK07",NA,25.70612,-80.0984,4138902,"CD2","DRM","NCRMP_GRP",NA
"7","FLK","AA1230",1,2024,9,19,"ISOL_MR","CFK09",NA,25.6957,-80.09632,4134962,"CD3","DRM","NCRMP_NA",NA
"8","FLK","AA1232",1,2024,10,15,"CONT_LR","CFK07",NA,25.674264,-80.090974,4126669,"CD2","DRM","NCRMP_GRP",NA
"9","FLK","AA1233",1,2024,10,15,"CONT_LR","CFK09",NA,25.671088,-80.088507,4125456,"CD3","DRM","NCRMP_NA",NA
"10","FLK","AA1234",1,2024,8,8,"CONT_LR","CFK07",NA,25.670257,-80.099972,4125085,"CD2","DRM","NCRMP_GRP",NA
"11","FLK","AA1237",1,2024,8,8,"SPGR_LR","CFK07",NA,25.635906,-80.093755,4110540,"CD2","DRM","NCRMP_GRP",NA
"12","FLK","AA1238",1,2024,8,1,"ISOL_MR","CFK03",NA,25.592075,-80.104117,4091020,"CD0","DRM","NCRMP_GRP",NA
"13","FLK","AA1239",1,2024,8,21,"CONT_LR","CFK04",NA,25.591985,-80.105803,4091016,"CD1","DRM","NCRMP_GRP",NA
"14","FLK","AA1240",1,2024,8,1,"SPGR_LR","CFK09",NA,25.587721,-80.091972,4089196,"CD3","DRM","NCRMP_NA",NA
"15","FLK","AA1241",1,2024,8,1,"CONT_LR","CFK05",NA,25.571014,-80.113658,4082211,"CD1","DRM","NCRMP_GRP",NA
"16","FLK","AA1242",1,2024,8,1,"CONT_LR","CFK05",NA,25.562839,-80.105754,4078791,"CD1","DRM","NCRMP_GRP",NA
"17","FLK","AA1243",1,2024,9,17,"ISOL_MR","CFK02",NA,25.541669,-80.138466,4069748,"CD0","DRM","NCRMP_GRP",NA
"18","FLK","AA1244",1,2024,9,10,"ISOL_MR","CFK03",NA,25.523144,-80.111522,4061830,"CD0","DRM","NCRMP_GRP",NA
"19","FLK","AA1245",1,2024,9,10,"ISOL_MR","CFK02",NA,25.520628,-80.134473,4060584,"CD0","DRM","NCRMP_GRP",NA
"20","FLK","AA1246",1,2024,9,10,"ISOL_MR","CFK02",NA,25.518475,-80.131688,4059578,"CD0","DRM","NCRMP_GRP",NA
"21","FLK","AA1247",1,2024,9,10,"SPGR_LR","CFK08",NA,25.517205,-80.100122,4059233,"CD3","DRM","NCRMP_NA",NA
"22","FLK","AA1248",1,2024,9,17,"ISOL_MR","CFK02",NA,25.513369,-80.133646,4057332,"CD0","DRM","NCRMP_GRP",NA
"23","FLK","AA1249",1,2024,9,17,"ISOL_MR","CFK02",NA,25.512424,-80.137303,4056912,"CD0","DRM","NCRMP_GRP",NA
"24","FLK","AA1250",1,2024,9,17,"ISOL_MR","CFK02",NA,25.50423,-80.125686,4052982,"CD0","DRM","NCRMP_GRP",NA
"25","FLK","AA1251",1,2024,9,17,"SPGR_LR","CFK07",NA,25.503246,-80.106196,4052565,"CD2","DRM","NCRMP_GRP",NA
"26","FLK","AA1252",1,2024,9,18,"ISOL_MR","CFK03",NA,25.492852,-80.122111,4047349,"CD0","DRM","NCRMP_GRP",NA
"27","FLK","AA1253",1,2024,9,18,"RUBB_LR","CFK04",NA,25.491541,-80.111754,4046708,"CD1","DRM","NCRMP_GRP",NA
"28","FLK","AA1254",1,2024,9,18,"ISOL_MR","CFK02",NA,25.483871,-80.128025,4042929,"CD0","DRM","NCRMP_GRP",NA
"29","FLK","AA1255",1,2024,9,18,"ISOL_MR","CFK03",NA,25.483278,-80.121494,4042721,"CD0","DRM","NCRMP_GRP",NA
"30","FLK","AA1256",1,2024,9,18,"ISOL_MR","CFK02",NA,25.482803,-80.146725,4042226,"CD0","DRM","NCRMP_GRP",NA
"31","FLK","AA1257",1,2024,10,24,"ISOL_HR","CFK02",NA,25.474432,-80.147545,4038242,"CD0","DRM","NCRMP_GRP",NA
"32","FLK","AA1258",1,2024,10,24,"ISOL_MR","CFK02",NA,25.473185,-80.155104,4037559,"CD0","DRM","NCRMP_GRP",NA
"33","FLK","AA1259",1,2024,10,24,"ISOL_MR","CFK02",NA,25.464155,-80.14159,4033138,"CD0","DRM","NCRMP_GRP",NA
"34","FLK","AA1260",1,2024,10,24,"SPGR_HR","CFK07",NA,25.463182,-80.125888,4032726,"CD2","DRM","NCRMP_GRP",NA
"35","FLK","AA1261",1,2024,10,24,"ISOL_MR","CFK02",NA,25.463105,-80.150519,4032454,"CD0","DRM","NCRMP_GRP",NA
"36","FLK","AA1262",1,2024,10,24,"CONT_LR","CFK07",NA,25.461782,-80.127219,4032057,"CD2","DRM","NCRMP_GRP",NA
"37","FLK","AA1263",1,2024,10,25,"ISOL_MR","CFK02",NA,25.457215,-80.135575,4029815,"CD0","DRM","NCRMP_GRP",NA
"38","FLK","AA1264",1,2024,10,25,"ISOL_MR","CFK01",NA,25.45696,-80.181436,4029498,"CD0","DRM","NCRMP_GRP",NA
"39","FLK","AA1265",1,2024,10,25,"ISOL_MR","CFK02",NA,25.456151,-80.155034,4029104,"CD0","DRM","NCRMP_GRP",NA
"40","FLK","AA1266",1,2024,10,25,"SPGR_LR","CFK05",NA,25.443281,-80.120065,4022762,"CD1","DRM","NCRMP_GRP",NA
"41","FLK","AA1267",1,2024,10,24,"CONT_LR","CFK05",NA,25.44013,-80.121579,4021121,"CD1","DRM","NCRMP_GRP",NA
"42","FLK","AA1268",1,2024,10,24,"ISOL_MR","CFK02",NA,25.424564,-80.15774,4012695,"CD0","DRM","NCRMP_GRP",NA
"43","FLK","AA1269",1,2024,10,24,"ISOL_MR","CFK02",NA,25.423038,-80.158878,4011960,"CD0","DRM","NCRMP_GRP",NA
"44","FLK","AA1270",1,2024,10,24,"ISOL_MR","CFK02",NA,25.420978,-80.160056,4010738,"CD0","DRM","NCRMP_GRP",NA
"45","FLK","AA1271",1,2024,10,24,"ISOL_MR","CFK02",NA,25.419397,-80.161679,4010003,"CD0","DRM","NCRMP_GRP",NA
"46","FLK","AA1272",1,2024,10,2,"ISOL_MR","CFK02",NA,25.417676,-80.142125,4009058,"CD0","DRM","NCRMP_GRP",NA
"47","FLK","AA1273",1,2024,10,24,"ISOL_MR","CFK01",NA,25.416645,-80.192917,4008212,"CD0","DRM","NCRMP_GRP",NA
"48","FLK","AA1274",1,2024,10,2,"SPGR_LR","CFK09",NA,25.416213,-80.123741,4008351,"CD3","DRM","NCRMP_NA",NA
"49","FLK","AA1275",1,2024,10,2,"ISOL_MR","CFK02",NA,25.410822,-80.147437,4005295,"CD0","DRM","NCRMP_GRP",NA
"50","FLK","AA1276",1,2024,10,2,"SPGR_LR","CFK08",NA,25.409908,-80.126272,4004814,"CD3","DRM","NCRMP_NA",NA
"51","FLK","AA1277",1,2024,10,24,"ISOL_MR","CFK02",NA,25.402158,-80.164899,3999484,"CD0","DRM","NCRMP_GRP",NA
"52","FLK","AA1278",1,2024,10,16,"ISOL_MR","CFK02",NA,25.401251,-80.157855,3998895,"CD0","DRM","NCRMP_GRP",NA
"53","FLK","AA1279",1,2024,10,16,"ISOL_MR","CFK02",NA,25.399621,-80.15979,3997977,"CD0","DRM","NCRMP_GRP",NA
"54","FLK","AA1280",1,2024,10,16,"CONT_LR","CFK04",NA,25.394147,-80.133345,3994332,"CD1","DRM","NCRMP_GRP",NA
"55","FLK","AA1281",1,2024,10,2,"ISOL_MR","CFK02",NA,25.390711,-80.163689,3991783,"CD0","DRM","NCRMP_GRP",NA
"56","FLK","AA1282",1,2024,10,16,"CONT_LR","CFK04",NA,25.385598,-80.138376,3988382,"CD1","DRM","NCRMP_GRP",NA
"57","FLK","AA1283",1,2024,10,15,"ISOL_MR","CFK02",NA,25.382498,-80.171418,3986094,"CD0","DRM","NCRMP_GRP",NA
"58","FLK","AA1284",1,2024,10,16,"ISOL_MR","CFK02",NA,25.380601,-80.156945,3984851,"CD0","DRM","NCRMP_GRP",NA
"59","FLK","AA1285",1,2024,9,12,"ISOL_MR","CFK03",NA,25.36221,-80.153946,3971551,"CD0","DRM","NCRMP_GRP",NA
"60","FLK","AA1286",1,2024,9,12,"ISOL_MR","CFK02",NA,25.360444,-80.160916,3970225,"CD0","DRM","NCRMP_GRP",NA
"61","FLK","AA1287",1,2024,9,12,"ISOL_LR","CFK02",NA,25.359578,-80.167382,3969552,"CD0","DRM","NCRMP_GRP",NA
"62","FLK","AA1288",1,2024,10,15,"ISOL_MR","CFK02",NA,25.355573,-80.177844,3966555,"CD0","DRM","NCRMP_GRP",NA
"63","FLK","AA1289",1,2024,10,15,"ISOL_MR","CFK02",NA,25.352648,-80.187028,3964189,"CD0","DRM","NCRMP_GRP",NA
"64","FLK","AA1290",1,2024,10,1,"ISOL_MR","CFK02",NA,25.351569,-80.185787,3963519,"CD0","DRM","NCRMP_GRP",NA
"65","FLK","AA1291",1,2024,10,1,"ISOL_MR","CFK02",NA,25.344654,-80.166458,3958444,"CD0","DRM","NCRMP_GRP",NA
"66","FLK","AA1292",1,2024,10,1,"ISOL_MR","CFK02",NA,25.343871,-80.194827,3957703,"CD0","DRM","NCRMP_GRP",NA
"67","FLK","AA1293",1,2024,9,12,"CONT_LR","CFK06",NA,25.338915,-80.152828,3953998,"CD2","DRM","NCRMP_GRP",NA
"68","FLK","AA1294",1,2024,10,1,"ISOL_MR","CFK02",NA,25.338695,-80.20026,3953556,"CD0","DRM","NCRMP_GRP",NA
"69","FLK","AA1295",1,2024,9,13,"ISOL_MR","CFK02",NA,25.332238,-80.199458,3948692,"CD0","DRM","NCRMP_GRP",NA
"70","FLK","AA1296",1,2024,10,1,"CONT_LR","CFK04",NA,25.330772,-80.183476,3947668,"CD1","DRM","NCRMP_GRP",NA
"71","FLK","AA1297",1,2024,9,13,"ISOL_MR","CFK01",NA,25.330139,-80.233657,3946863,"CD0","DRM","NCRMP_GRP",NA
"72","FLK","AA1298",1,2024,9,13,"ISOL_MR","CFK02",NA,25.321667,-80.210316,3940474,"CD0","DRM","NCRMP_GRP",NA
"73","FLK","AA1299",1,2024,9,13,"ISOL_MR","CFK02",NA,25.319347,-80.216839,3938281,"CD0","DRM","NCRMP_GRP",NA
"74","FLK","AA1300",1,2024,9,13,"ISOL_MR","CFK02",NA,25.31042,-80.218049,3930927,"CD0","DRM","NCRMP_GRP",NA
"75","FLK","AA1301",1,2024,10,1,"ISOL_LR","CFK03",NA,25.30475,-80.213949,3926391,"CD0","DRM","NCRMP_GRP",NA
"76","FLK","AA1302",1,2024,10,1,"SPGR_LR","CFK06",NA,25.29773,-80.168798,3920638,"CD2","DRM","NCRMP_GRP",NA
"77","FLK","AA1303",1,2024,10,1,"ISOL_MR","CFK02",NA,25.291069,-80.230181,3913802,"CD0","DRM","NCRMP_GRP",NA
"78","FLK","AA1304",1,2024,10,1,"SPGR_LR","CFK07",NA,25.282848,-80.171879,3906236,"CD2","DRM","NCRMP_GRP",NA
"79","FLK","AA1309",1,2024,9,16,"CONT_LR","CFK05",NA,25.229212,-80.223769,3856514,"CD1","DRM","NCRMP_GRP",NA
"80","FLK","AA1310",1,2024,9,16,"CONT_LR","CFK05",NA,25.228075,-80.215626,3855341,"CD1","DRM","NCRMP_GRP",NA
"81","FLK","AA1311",1,2024,9,20,"SPGR_HR","CFK06",NA,25.227042,-80.206512,3854571,"CD2","DRM","MIR_GRP",NA
"82","FLK","AA1312",1,2024,9,16,"SPGR_HR","CFK04",NA,25.220305,-80.211514,3848641,"CD1","DRM","MIR_GRP",NA
"83","FLK","AA1313",1,2024,9,20,"SPGR_HR","CFK06",NA,25.212913,-80.213857,3842268,"CD2","DRM","MIR_GRP",NA
"84","FLK","AA1314",1,2024,9,16,"SPGR_HR","CFK03",NA,25.209062,-80.220024,3838544,"CD0","DRM","MIR_GRP",NA
"85","FLK","AA1315",1,2024,9,16,"SPGR_HR","CFK03",NA,25.209057,-80.219031,3838546,"CD0","DRM","MIR_GRP",NA
"86","FLK","AA1316",1,2024,9,20,"SPGR_HR","CFK07",NA,25.2077,-80.217038,3837286,"CD2","DRM","MIR_GRP",NA
"87","FLK","AA1317",1,2024,9,17,"ISOL_MR","CFK02",NA,25.205313,-80.271213,3834599,"CD0","DRM","NCRMP_GRP",NA
"88","FLK","AA1318",1,2024,9,20,"SPGR_LR","CFK09",NA,25.20497,-80.214591,3834713,"CD3","DRM","NCRMP_NA",NA
"89","FLK","AA1319",1,2024,9,20,"SPGR_LR","CFK09",NA,25.20451,-80.213105,3834282,"CD3","DRM","NCRMP_NA",NA
"90","FLK","AA1320",1,2024,9,20,"SPGR_LR","CFK09",NA,25.201822,-80.217093,3831654,"CD3","DRM","NCRMP_NA",NA
"91","FLK","AA1321",1,2024,9,16,"CONT_LR","CFK05",NA,25.198653,-80.22605,3828522,"CD1","DRM","NCRMP_GRP",NA
"92","FLK","AA1322",1,2024,9,17,"CONT_LR","CFK04",NA,25.195958,-80.236911,3825800,"CD1","DRM","NCRMP_GRP",NA
"93","FLK","AA1323",1,2024,9,17,"CONT_LR","CFK04",NA,25.194579,-80.230461,3824459,"CD1","DRM","NCRMP_GRP",NA
"94","FLK","AA1324",1,2024,9,17,"SPGR_HR","CFK07",NA,25.189171,-80.230584,3819027,"CD2","DRM","NCRMP_GRP",NA
"95","FLK","AA1325",1,2024,9,17,"CONT_LR","CFK04",NA,25.185432,-80.247132,3814914,"CD1","DRM","NCRMP_GRP",NA
"96","FLK","AA1326",1,2024,9,17,"SPGR_LR","CFK06",NA,25.180679,-80.236563,3810439,"CD2","DRM","NCRMP_GRP",NA
"97","FLK","AA1328",1,2024,9,17,"SPGR_LR","CFK08",NA,25.1757,-80.229664,3805549,"CD3","DRM","NCRMP_NA",NA
"98","FLK","AA1329",1,2024,11,12,"CONT_LR","CFK06",NA,25.174418,-80.249509,3804177,"CD2","DRM","NCRMP_GRP",NA
"99","FLK","AA1331",1,2024,8,30,"CONT_LR","CFK06",NA,25.154878,-80.256487,3784527,"CD2","DRM","NCRMP_GRP",NA
"100","FLK","AA1332",1,2024,8,30,"ISOL_MR","CFK03",NA,25.152848,-80.264037,3782048,NA,"DRM","NCRMP_GRP",NA
"101","FLK","AA1333",1,2024,8,26,"CONT_LR","CFK05",NA,25.150291,-80.293796,3778984,"CD1","DRM","NCRMP_GRP",NA
"102","FLK","AA1338",1,2024,8,24,"ISOL_MR","CFK03",NA,25.140488,-80.286725,3767860,"CD0","DRM","NCRMP_GRP",NA
"103","FLK","AA1340",1,2024,8,30,"SPGR_HR","CFK07",NA,25.13928,-80.259654,3766897,"CD2","DRM","NCRMP_GRP",NA
"104","FLK","AA1341",1,2024,8,30,"SPGR_LR","CFK09",NA,25.138367,-80.257675,3765877,"CD3","DRM","NCRMP_NA",NA
"105","FLK","AA1343",1,2024,8,25,"CONT_LR","CFK07",NA,25.129905,-80.286437,3756050,"CD2","DRM","NCRMP_GRP",NA
"106","FLK","AA1347",1,2024,8,27,"SPGR_HR","CFK03",NA,25.114207,-80.303447,3737631,"CD0","DRM","NCRMP_GRP",NA
"107","FLK","AA1350",1,2024,9,6,"ISOL_MR","CFK02",NA,25.110994,-80.340413,3733317,"CD0","DRM","NCRMP_GRP",NA
"108","FLK","AA1352",1,2024,9,1,"SPGR_MR","CFK07",NA,25.106438,-80.305013,3728582,"CD2","DRM","NCRMP_GRP",NA
"109","FLK","AA1353",1,2024,9,1,"CONT_LR","CFK07",NA,25.099532,-80.30862,3719951,"CD2","DRM","NCRMP_GRP",NA
"110","FLK","AA1354",1,2024,9,1,"CONT_LR","CFK05",NA,25.094884,-80.32339,3714461,"CD1","DRM","NCRMP_GRP",NA
"111","FLK","AA1355",1,2024,8,31,"CONT_LR","CFK06",NA,25.084886,-80.309562,3702377,"CD2","DRM","NCRMP_GRP",NA
"112","FLK","AA1356",1,2024,8,14,"CONT_LR","CFK04",NA,25.074689,-80.330346,3689601,"CD1","DRM","NCRMP_GRP",NA
"113","FLK","AA1357",1,2024,9,6,"ISOL_HR","CFK02",NA,25.06974,-80.370635,3683382,"CD0","DRM","NCRMP_GRP",NA
"114","FLK","AA1358",1,2024,9,6,"ISOL_MR","CFK02",NA,25.069107,-80.394357,3682218,"CD0","DRM","NCRMP_GRP",NA
"115","FLK","AA1359",1,2024,9,6,"ISOL_MR","CFK02",NA,25.059902,-80.380155,3671047,"CD0","DRM","NCRMP_GRP",NA
"116","FLK","AA1360",1,2024,9,10,"SPGR_LR","CFK05",NA,25.055637,-80.331537,3666087,"CD1","DRM","NCRMP_GRP",NA
"117","FLK","AA1361",1,2024,9,10,"CONT_LR","CFK04",NA,25.046148,-80.342373,3654231,"CD1","DRM","NCRMP_GRP",NA
"118","FLK","AA1363",1,2024,10,15,"RUBB_LR","CFK04",NA,25.036755,-80.349977,3642452,"CD1","DRM","NCRMP_GRP",NA
"119","FLK","AA1364",1,2024,10,15,"SPGR_HR","CFK04",NA,25.035852,-80.349982,3641324,"CD1","DRM","NCRMP_GRP",NA
"120","FLK","AA1365",1,2024,10,16,"ISOL_MR","CFK03",NA,25.033095,-80.360089,3637924,"CD0","DRM","NCRMP_GRP",NA
"121","FLK","AA1366",1,2024,10,16,"ISOL_MR","CFK03",NA,25.032472,-80.380543,3636756,"CD0","DRM","NCRMP_GRP",NA
"122","FLK","AA1368",1,2024,10,16,"ISOL_LR","CFK03",NA,25.023917,-80.4065,3626094,"CD0","DRM","NCRMP_GRP",NA
"123","FLK","AA1369",1,2024,10,3,"SPGR_LR","CFK06",NA,25.022813,-80.362935,3625062,"CD2","DRM","NCRMP_GRP",NA
"124","FLK","AA1370",1,2024,10,3,"SPGR_HR","CFK04",NA,25.019905,-80.368189,3621101,"CD1","DRM","NCRMP_GRP",NA
"125","FLK","AA1371",1,2024,10,3,"SPGR_LR","CFK07",NA,25.012914,-80.370915,3612570,"CD2","DRM","NCRMP_GRP",NA
"126","FLK","AA1372",1,2024,10,3,"RUBB_LR","CFK04",NA,25.012119,-80.380241,3611411,"CD1","DRM","NCRMP_GRP",NA
"127","FLK","AA1373",1,2024,10,3,"RUBB_LR","CFK04",NA,25.01173,-80.37797,3610848,"CD1","DRM","NCRMP_GRP",NA
"128","FLK","AA1374",1,2024,10,2,"ISOL_MR","CFK02",NA,25.009549,-80.458097,3607826,"CD0","DRM","NCRMP_GRP",NA
"129","FLK","AA1375",1,2024,10,3,"SPGR_LR","CFK09",NA,25.007512,-80.374906,3605698,"CD3","DRM","NCRMP_NA",NA
"130","FLK","AA1376",1,2024,10,3,"SPGR_LR","CFK06",NA,25.005294,-80.384332,3602799,"CD2","DRM","NCRMP_GRP",NA
"131","FLK","AA1377",1,2024,10,15,"SPGR_LR","CFK04",NA,24.994585,-80.407861,3589054,"CD1","DRM","NCRMP_GRP",NA
"132","FLK","AA1378",1,2024,9,18,"ISOL_MR","CFK03",NA,24.992008,-80.431405,3585606,"CD0","DRM","NCRMP_GRP",NA
"133","FLK","AA1379",1,2024,10,2,"ISOL_MR","CFK03",NA,24.988458,-80.468143,3580956,"CD0","DRM","NCRMP_GRP",NA
"134","FLK","AA1380",1,2024,9,18,"CONT_LR","CFK06",NA,24.981957,-80.423421,3573006,"CD2","DRM","NCRMP_GRP",NA
"135","FLK","AA1381",1,2024,9,18,"SPGR_LR","CFK09",NA,24.972101,-80.440473,3560172,"CD3","DRM","NCRMP_NA",NA
"136","FLK","AA1382",1,2024,10,15,"CONT_LR","CFK06",NA,24.968182,-80.447218,3554668,"CD2","DRM","NCRMP_GRP",NA
"137","FLK","AA1383",1,2024,10,2,"CONT_LR","CFK05",NA,24.961771,-80.45538,3545992,"CD1","DRM","NCRMP_GRP",NA
"138","FLK","AA1385",1,2024,10,2,"CONT_LR","CFK05",NA,24.957732,-80.457283,3540382,"CD1","DRM","NCRMP_GRP",NA
"139","FLK","AA1386",1,2024,10,2,"ISOL_MR","CFK02",NA,24.951195,-80.534844,3530848,"CD0","DRM","NCRMP_GRP",NA
"140","FLK","AA1387",1,2024,9,11,"ISOL_MR","CFK01",NA,24.950183,-80.550197,3529573,"CD0","DRM","NCRMP_GRP",NA
"141","FLK","AA1389",1,2024,9,11,"ISOL_HR","CFK02",NA,24.937475,-80.547704,3511018,"CD0","DRM","NCRMP_GRP",NA
"142","FLK","AA1390",1,2024,9,11,"ISOL_HR","CFK02",NA,24.935479,-80.547647,3508400,"CD0","DRM","NCRMP_GRP",NA
"143","FLK","AA1391",1,2024,9,11,"ISOL_MR","CFK02",NA,24.933937,-80.551145,3506415,"CD0","DRM","NCRMP_GRP",NA
"144","FLK","AA1392",1,2024,9,10,"CONT_LR","CFK05",NA,24.926264,-80.502578,3495269,"CD1","DRM","NCRMP_GRP",NA
"145","FLK","AA1394",1,2024,9,10,"CONT_LR","CFK06",NA,24.899534,-80.544027,3455690,"CD2","DRM","NCRMP_GRP",NA
"146","FLK","AA1395",1,2024,9,10,"CONT_LR","CFK05",NA,24.889921,-80.580011,3441101,"CD1","DRM","NCRMP_GRP",NA
"147","FLK","AA1396",1,2024,9,10,"SPGR_LR","CFK07",NA,24.886038,-80.561075,3435043,"CD2","DRM","NCRMP_GRP",NA
"148","FLK","AA1397",1,2024,9,10,"CONT_LR","CFK07",NA,24.875001,-80.586896,3417015,"CD2","DRM","NCRMP_GRP",NA
"149","FLK","AA1398",1,2024,8,15,"ISOL_MR","CFK01",NA,24.835951,-80.729182,3334372,"CD0","DRM","NCRMP_GRP",NA
"150","FLK","AA1399",1,2024,8,22,"SPGR_LR","CFK09",NA,24.766266,-80.730432,3110844,"CD3","DRM","NCRMP_NA",NA
"151","FLK","AA1401",1,2024,8,15,"SPGR_HR","CFK07",NA,24.735956,-80.805438,2983434,"CD2","DRM","NCRMP_GRP",NA
"152","FLK","AA1402",1,2024,8,22,"SPGR_HR","CFK09",NA,24.731884,-80.799511,2966130,"CD3","DRM","NCRMP_NA",NA
"153","FLK","AA1403",1,2024,8,15,"ISOL_MR","CFK02",NA,24.729286,-80.918669,2954359,"CD0","DRM","NCRMP_GRP",NA
"154","FLK","AA1404",1,2024,8,20,"ISOL_MR","CFK02",NA,24.727936,-80.926086,2948610,"CD0","DRM","NCRMP_GRP",NA
"155","FLK","AA1405",1,2024,8,20,"ISOL_MR","CFK02",NA,24.724556,-80.932765,2933341,"CD0","DRM","NCRMP_GRP",NA
"156","FLK","AA1406",1,2024,9,11,"ISOL_MR","CFK02",NA,24.718685,-80.930401,2910345,"CD0","DRM","NCRMP_GRP",NA
"157","FLK","AA1407",1,2024,9,11,"ISOL_MR","CFK02",NA,24.717784,-80.935453,2906515,"CD0","DRM","NCRMP_GRP",NA
"158","FLK","AA1408",1,2024,10,15,"ISOL_MR","CFK02",NA,24.716739,-80.937457,2900823,"CD0","DRM","NCRMP_GRP",NA
"159","FLK","AA1409",1,2024,10,15,"ISOL_MR","CFK02",NA,24.71126,-80.947108,2877798,"CD0","DRM","NCRMP_GRP",NA
"160","FLK","AA1410",1,2024,8,21,"ISOL_MR","CFK02",NA,24.70402,-80.993327,2846894,"CD0","DRM","NCRMP_GRP",NA
"161","FLK","AA1411",1,2024,10,4,"SPGR_LR","CFK06",NA,24.700389,-80.893007,2831773,"CD2","DRM","NCRMP_GRP",NA
"162","FLK","AA1412",1,2024,10,4,"ISOL_MR","CFK03",NA,24.697471,-80.959107,2818231,"CD0","DRM","NCRMP_GRP",NA
"163","FLK","AA1413",1,2024,9,10,"ISOL_MR","CFK02",NA,24.693031,-81.020762,2800925,"CD0","DRM","NCRMP_GRP",NA
"164","FLK","AA1415",1,2024,10,4,"CONT_LR","CFK05",NA,24.684829,-80.96567,2764954,"CD1","DRM","NCRMP_GRP",NA
"165","FLK","AA1417",1,2024,8,21,"ISOL_MR","CFK02",NA,24.680943,-81.007138,2749730,"CD0","DRM","NCRMP_GRP",NA
"166","FLK","AA1419",1,2024,9,11,"ISOL_MR","CFK02",NA,24.667373,-81.066498,2692282,"CD0","DRM","NCRMP_GRP",NA
"167","FLK","AA1420",1,2024,9,12,"SPGR_LR","CFK06",NA,24.666268,-80.989923,2686663,"CD2","DRM","NCRMP_GRP",NA
"168","FLK","AA1422",1,2024,9,11,"ISOL_MR","CFK02",NA,24.653359,-81.159846,2632033,"CD0","DRM","NCRMP_GRP",NA
"169","FLK","AA1424",1,2024,9,11,"SPGR_HR","CFK04",NA,24.632645,-81.089173,2540130,"CD1","DRM","NCRMP_GRP",NA
"170","FLK","AA1425",1,2024,8,20,"SPGR_HR","CFK07",NA,24.62586,-81.107446,2509201,"CD2","DRM","MIR_GRP",NA
"171","FLK","AA1426",1,2024,8,20,"SPGR_HR","CFK07",NA,24.625856,-81.111892,2509192,"CD2","DRM","MIR_GRP",NA
"172","FLK","AA1427",1,2024,8,20,"SPGR_HR","CFK06",NA,24.625406,-81.109916,2507114,"CD2","DRM","MIR_GRP",NA
"173","FLK","AA1428",1,2024,8,20,"SPGR_HR","CFK05",NA,24.625404,-81.112386,2507109,"CD1","DRM","MIR_GRP",NA
"174","FLK","AA1441",1,2024,8,26,"SPGR_LR","CFK06",NA,24.582427,-81.265506,2312781,"CD2","DRM","NCRMP_GRP",NA
"175","FLK","AA1445",1,2024,8,26,"ISOL_MR","CFK03",NA,24.578042,-81.28452,2295628,"CD0","DRM","NCRMP_GRP",NA
"176","FLK","AA1446",1,2024,8,26,"SPGR_LR","CFK07",NA,24.57482,-81.290071,2280613,"CD2","DRM","NCRMP_GRP",NA
"177","FLK","AA1447",1,2024,8,26,"CONT_LR","CFK07",NA,24.573652,-81.299565,2276872,"CD2","DRM","NCRMP_GRP",NA
"178","FLK","AA1448",1,2024,9,11,"ISOL_HR","CFK01",NA,24.567439,-81.650747,2255969,"CD0","DRM","NCRMP_GRP",NA
"179","FLK","AA1449",1,2024,8,14,"ISOL_MR","CFK03",NA,24.566861,-81.390728,2249251,"CD0","DRM","NCRMP_GRP",NA
"180","FLK","AA1450",1,2024,8,26,"CONT_LR","CFK06",NA,24.566717,-81.346973,2249340,"CD2","DRM","NCRMP_GRP",NA
"181","FLK","AA1451",1,2024,8,20,"ISOL_MR","CFK02",NA,24.563432,-81.478982,2236496,"CD0","DRM","NCRMP_GRP",NA
"182","FLK","AA1452",1,2024,9,11,"ISOL_HR","CFK01",NA,24.563206,-81.657397,2237919,"CD0","DRM","NCRMP_GRP",NA
"183","FLK","AA1453",1,2024,8,20,"ISOL_MR","CFK02",NA,24.56232,-81.493507,2232901,"CD0","DRM","NCRMP_GRP",NA
"184","FLK","AA1454",1,2024,9,11,"ISOL_MR","CFK01",NA,24.56138,-81.661669,2230782,"CD0","DRM","NCRMP_GRP",NA
"185","FLK","AA1455",1,2024,9,11,"ISOL_MR","CFK01",NA,24.560715,-81.664583,2229006,"CD0","DRM","NCRMP_GRP",NA
"186","FLK","AA1456",1,2024,8,20,"ISOL_MR","CFK02",NA,24.558936,-81.507613,2220506,"CD0","DRM","NCRMP_GRP",NA
"187","FLK","AA1457",1,2024,8,21,"SPGR_LR","CFK05",NA,24.552705,-81.383865,2194721,"CD1","DRM","NCRMP_GRP",NA
"188","FLK","AA1458",1,2024,8,20,"ISOL_MR","CFK02",NA,24.550689,-81.586033,2189215,"CD0","DRM","NCRMP_GRP",NA
"189","FLK","AA1460",1,2024,8,20,"ISOL_MR","CFK02",NA,24.548586,-81.530631,2180898,"CD0","DRM","NCRMP_GRP",NA
"190","FLK","AA1461",1,2024,8,22,"ISOL_MR","CFK02",NA,24.548206,-81.589854,2180778,"CD0","DRM","NCRMP_GRP",NA
"191","FLK","AA1462",1,2024,8,21,"SPGR_HR","CFK05",NA,24.547251,-81.402466,2174455,"CD1","DRM","MIR_GRP",NA
"192","FLK","AA1463",1,2024,8,20,"ISOL_MR","CFK02",NA,24.545815,-81.564532,2170795,"CD0","DRM","NCRMP_GRP",NA
"193","FLK","AA1464",1,2024,8,16,"SPGR_HR","CFK05",NA,24.544908,-81.410618,2166127,"CD1","DRM","NCRMP_GRP",NA
"194","FLK","AA1465",1,2024,8,20,"ISOL_MR","CFK02",NA,24.544869,-81.575882,2167450,"CD0","DRM","NCRMP_GRP",NA
"195","FLK","AA1466",1,2024,8,21,"SPGR_HR","CFK07",NA,24.544641,-81.406969,2164488,"CD2","DRM","MIR_GRP",NA
"196","FLK","AA1467",1,2024,8,20,"ISOL_MR","CFK02",NA,24.538553,-81.574372,2144677,"CD0","DRM","NCRMP_GRP",NA
"197","FLK","AA1468",1,2024,8,22,"ISOL_MR","CFK02",NA,24.53526,-81.607925,2133443,"CD0","DRM","NCRMP_GRP",NA
"198","FLK","AA1470",1,2024,8,22,"ISOL_MR","CFK02",NA,24.53124,-81.611117,2119432,"CD0","DRM","NCRMP_GRP",NA
"199","FLK","AA1471",1,2024,8,16,"SPGR_LR","CFK09",NA,24.528469,-81.488438,2109045,"CD3","DRM","NCRMP_NA",NA
"200","FLK","AA1472",1,2024,8,27,"ISOL_MR","CFK02",NA,24.52605,-81.665762,2102670,"CD0","DRM","NCRMP_GRP",NA
"201","FLK","AA1473",1,2024,9,11,"ISOL_MR","CFK02",NA,24.525652,-81.690558,2102620,"CD0","DRM","NCRMP_GRP",NA
"202","FLK","AA1474",1,2024,8,22,"ISOL_MR","CFK02",NA,24.524373,-81.634946,2096772,"CD0","DRM","NCRMP_GRP",NA
"203","FLK","AA1475",1,2024,8,7,"RUBB_LR","CFK05",NA,24.52434,-81.521126,2095519,"CD1","DRM","NCRMP_GRP",NA
"204","FLK","AA1476",1,2024,9,11,"ISOL_MR","CFK02",NA,24.523729,-81.682806,2095191,"CD0","DRM","NCRMP_GRP",NA
"205","FLK","AA1477",1,2024,8,7,"SPGR_LR","CFK05",NA,24.523213,-81.57554,2092456,"CD1","DRM","NCRMP_GRP",NA
"206","FLK","AA1478",1,2024,8,22,"ISOL_MR","CFK02",NA,24.522402,-81.649028,2090840,"CD0","DRM","NCRMP_GRP",NA
"207","FLK","AA1480",1,2024,8,22,"ISOL_MR","CFK02",NA,24.522241,-81.658951,2090819,"CD0","DRM","NCRMP_GRP",NA
"208","FLK","AA1481",1,2024,8,7,"SPGR_LR","CFK05",NA,24.521839,-81.578057,2088063,"CD1","DRM","NCRMP_GRP",NA
"209","FLK","AA1482",1,2024,8,7,"SPGR_LR","CFK09",NA,24.519446,-81.525158,2079487,"CD3","DRM","NCRMP_NA",NA
"210","FLK","AA1483",1,2024,8,7,"SPGR_LR","CFK09",NA,24.517031,-81.532322,2072330,"CD3","DRM","NCRMP_NA",NA
"211","FLK","AA1484",1,2024,9,18,"ISOL_MR","CFK01",NA,24.516137,-81.924727,2074379,"CD0","DRM","NCRMP_GRP",NA
"212","FLK","AA1485",1,2024,9,11,"ISOL_MR","CFK02",NA,24.514846,-81.68359,2067793,"CD0","DRM","NCRMP_GRP",NA
"213","FLK","AA1486",1,2024,9,18,"ISOL_MR","CFK01",NA,24.514009,-81.925225,2067304,"CD0","DRM","NCRMP_GRP",NA
"214","FLK","AA1487",1,2024,9,6,"ISOL_MR","CFK02",NA,24.506506,-81.714636,2041898,"CD0","DRM","NCRMP_GRP",NA
"215","FLK","AA1488",1,2024,9,11,"ISOL_MR","CFK02",NA,24.504974,-81.727735,2037936,"CD0","DRM","NCRMP_GRP",NA
"216","FLK","AA1489",1,2024,8,7,"SPGR_LR","CFK07",NA,24.504134,-81.599879,2034313,"CD2","DRM","NCRMP_GRP",NA
"217","FLK","AA1490",1,2024,9,9,"ISOL_MR","CFK02",NA,24.499802,-81.728225,2023987,"CD0","DRM","NCRMP_GRP",NA
"218","FLK","AA1491",1,2024,9,6,"ISOL_MR","CFK02",NA,24.49736,-81.752273,2017850,"CD0","DRM","NCRMP_GRP",NA
"219","FLK","AA1492",1,2024,9,6,"ISOL_LR","CFK03",NA,24.493565,-81.714345,2007257,"CD0","DRM","NCRMP_GRP",NA
"220","FLK","AA1493",1,2024,8,22,"SPGR_LR","CFK07",NA,24.490328,-81.661989,1998231,"CD2","DRM","NCRMP_GRP",NA
"221","FLK","AA1494",1,2024,9,6,"ISOL_MR","CFK03",NA,24.488218,-81.729057,1993635,"CD0","DRM","NCRMP_GRP",NA
"222","FLK","AA1495",1,2024,9,6,"ISOL_MR","CFK03",NA,24.487843,-81.722157,1992539,"CD0","DRM","NCRMP_GRP",NA
"223","FLK","AA1496",1,2024,8,27,"SPGR_LR","CFK05",NA,24.484318,-81.693043,1983882,"CD1","DRM","NCRMP_GRP",NA
"224","FLK","AA1497",1,2024,8,27,"CONT_LR","CFK04",NA,24.483378,-81.700933,1981750,"CD1","DRM","NCRMP_GRP",NA
"225","FLK","AA1498",1,2024,9,18,"ISOL_MR","CFK02",NA,24.483256,-81.927134,1983408,"CD0","DRM","NCRMP_GRP",NA
"226","FLK","AA1499",1,2024,9,9,"CONT_LR","CFK07",NA,24.483158,-81.768406,1981613,"CD2","DRM","NCRMP_GRP",NA
"227","FLK","AA1500",1,2024,8,27,"SPGR_LR","CFK04",NA,24.482888,-81.709318,1980679,"CD1","DRM","NCRMP_GRP",NA
"228","FLK","AA1501",1,2024,8,27,"SPGR_LR","CFK06",NA,24.482478,-81.700435,1979643,"CD2","DRM","NCRMP_GRP",NA
"229","FLK","AA1502",1,2024,9,9,"CONT_LR","CFK07",NA,24.481758,-81.776173,1978442,"CD2","DRM","NCRMP_GRP",NA
"230","FLK","AA1503",1,2024,8,27,"SPGR_HR","CFK07",NA,24.480463,-81.710692,1975434,"CD2","DRM","NCRMP_GRP",NA
"231","FLK","AA1504",1,2024,8,27,"SPGR_LR","CFK09",NA,24.479754,-81.70338,1973369,"CD3","DRM","NCRMP_NA",NA
"232","FLK","AA1505",1,2024,9,18,"ISOL_MR","CFK03",NA,24.478972,-81.894858,1974021,"CD0","DRM","NCRMP_GRP",NA
"233","FLK","AA1506",1,2024,8,27,"SPGR_HR","CFK09",NA,24.477886,-81.716691,1969230,"CD3","DRM","NCRMP_NA",NA
"234","FLK","AA1507",1,2024,8,27,"SPGR_LR","CFK09",NA,24.47758,-81.72017,1968207,"CD3","DRM","NCRMP_NA",NA
"235","FLK","AA1508",1,2024,9,11,"ISOL_MR","CFK03",NA,24.474301,-81.80104,1962007,"CD0","DRM","NCRMP_GRP",NA
"236","FLK","AA1509",1,2024,9,3,"ISOL_MR","CFK03",NA,24.473816,-81.889378,1961828,"CD0","DRM","NCRMP_GRP",NA
"237","FLK","AA1510",1,2024,9,6,"SPGR_LR","CFK07",NA,24.472304,-81.75021,1957194,"CD2","DRM","NCRMP_GRP",NA
"238","FLK","AA1511",1,2024,9,9,"ISOL_LR","CFK06",NA,24.472195,-81.772917,1957148,"CD2","DRM","NCRMP_GRP",NA
"239","FLK","AA1512",1,2024,9,9,"SPGR_LR","CFK07",NA,24.472153,-81.762643,1957169,"CD2","DRM","NCRMP_GRP",NA
"240","FLK","AA1513",1,2024,9,9,"SPGR_LR","CFK06",NA,24.471256,-81.769201,1955212,"CD2","DRM","NCRMP_GRP",NA
"241","FLK","AA1514",1,2024,9,6,"SPGR_LR","CFK09",NA,24.468332,-81.731438,1948568,"CD3","DRM","NCRMP_NA",NA
"242","FLK","AA1515",1,2024,9,9,"SPGR_HR","CFK07",NA,24.460987,-81.841409,1934673,"CD2","DRM","MIR_GRP",NA
"243","FLK","AA1516",1,2024,9,9,"SPGR_LR","CFK05",NA,24.460527,-81.845249,1933791,"CD1","DRM","MIR_GRP",NA
"244","FLK","AA1517",1,2024,9,9,"SPGR_HR","CFK05",NA,24.459618,-81.845265,1932051,"CD1","DRM","MIR_GRP",NA
"245","FLK","AA1518",1,2024,9,18,"CONT_LR","CFK07",NA,24.457297,-81.914748,1928468,"CD2","DRM","NCRMP_GRP",NA
"246","FLK","AA1519",1,2024,9,3,"SPGR_HR","CFK05",NA,24.455808,-81.859066,1925233,"CD1","DRM","NCRMP_GRP",NA
"247","FLK","AA1521",1,2024,9,3,"CONT_MR","CFK07",NA,24.453031,-81.88441,1920324,"CD2","DRM","NCRMP_GRP",NA
"248","FLK","AA1522",1,2024,9,3,"SPGR_HR","CFK05",NA,24.452929,-81.87868,1920335,"CD1","DRM","NCRMP_GRP",NA
"249","FLK","AA1523",1,2024,9,19,"CONT_LR","CFK04",NA,24.447703,-81.913588,1911714,"CD1","DRM","NCRMP_GRP",NA
"250","FLK","AA1524",1,2024,9,3,"SPGR_LR","CFK09",NA,24.439783,-81.88862,1898881,"CD3","DRM","NCRMP_NA",NA
"251","FLK","AA2218",1,2024,8,21,"ISOL_MR","CFK09",NA,25.669734,-80.088518,4124934,"CD3","DRM","NCRMP_NA",NA
"252","FLK","AA2223",1,2024,9,6,"CONT_LR","CFK05",NA,25.569857,-80.104939,4081849,"CD1","DRM","NCRMP_GRP",NA
"253","FLK","AA2304",1,2024,10,1,"CONT_LR","CFK04",NA,25.254199,-80.217254,3878301,"CD1","DRM","NCRMP_GRP",NA
"254","FLK","AA2324",1,2024,8,29,"CONT_LR","CFK05",NA,25.183882,-80.248481,3813555,"CD1","DRM","NCRMP_GRP",NA
"255","FLK","AA2326",1,2024,8,29,"ISOL_MR","CFK03",NA,25.168628,-80.259477,3798405,"CD0","DRM","NCRMP_GRP",NA
"256","FLK","AA2327",1,2024,8,28,"CONT_LR","CFK05",NA,25.165768,-80.281034,3795232,"CD1","DRM","NCRMP_GRP",NA
"257","FLK","AA2328",1,2024,8,28,"SPGR_HR","CFK03",NA,25.163529,-80.277465,3793429,"CD0","DRM","NCRMP_GRP",NA
"258","FLK","AA2330",1,2024,8,29,"ISOL_LR","CFK09",NA,25.159395,-80.24744,3789313,"CD3","DRM","NCRMP_NA",NA
"259","FLK","AA2331",1,2024,8,30,"ISOL_MR","CFK03",NA,25.155199,-80.259809,3784520,"CD0","DRM","NCRMP_GRP",NA
"260","FLK","AA2333",1,2024,8,30,"ISOL_MR","CFK03",NA,25.1454,-80.271277,3773481,"CD0","DRM","NCRMP_GRP",NA
"261","FLK","AA2339",1,2024,8,26,"ISOL_MR","CFK03",NA,25.122835,-80.301901,3747660,"CD0","DRM","NCRMP_GRP",NA
"262","FLK","AA2340",1,2024,8,27,"CONT_LR","CFK04",NA,25.122811,-80.308853,3747646,"CD1","DRM","NCRMP_GRP",NA
"263","FLK","AA2341",1,2024,8,26,"SPGR_HR","CFK03",NA,25.121526,-80.296607,3746099,"CD0","DRM","NCRMP_GRP",NA
"264","FLK","AA2342",1,2024,8,26,"SPGR_HR","CFK03",NA,25.119714,-80.299588,3743983,"CD0","DRM","NCRMP_GRP",NA
"265","FLK","AA2343",1,2024,8,27,"SPGR_HR","CFK03",NA,25.113306,-80.303948,3736570,"CD0","DRM","NCRMP_GRP",NA
"266","FLK","AA2344",1,2024,9,1,"SPGR_HR","CFK03",NA,25.1093,-80.304466,3731791,"CD0","DRM","NCRMP_GRP",NA
"267","FLK","AA2346",1,2024,8,31,"CONT_LR","CFK06",NA,25.102437,-80.297067,3723756,"CD2","DRM","NCRMP_GRP",NA
"268","FLK","AA2347",1,2024,8,31,"CONT_LR","CFK07",NA,25.101566,-80.303581,3722667,"CD2","DRM","NCRMP_GRP",NA
"269","FLK","AA2348",1,2024,9,1,"CONT_LR","CFK05",NA,25.091412,-80.326063,3710068,"CD1","DRM","NCRMP_GRP",NA
"270","FLK","AA2350",1,2024,8,31,"CONT_LR","CFK06",NA,25.084884,-80.308424,3702379,"CD2","DRM","NCRMP_GRP",NA
"271","FLK","AA2367",1,2024,10,15,"CONT_LR","CFK04",NA,25.002635,-80.396732,3599326,"CD1","DRM","NCRMP_GRP",NA
"272","FLK","AA2378",1,2024,9,11,"CONT_LR","CFK06",NA,24.905218,-80.539056,3463807,"CD2","DRM","NCRMP_GRP",NA
"273","FLK","AA2381",1,2024,9,11,"CONT_LR","CFK06",NA,24.89729,-80.548491,3452367,"CD2","DRM","NCRMP_GRP",NA
"274","FLK","AA2391",1,2024,10,15,"ISOL_MR","CFK02",NA,24.732674,-80.9115,2969756,"CD0","DRM","NCRMP_GRP",NA
"275","FLK","AA2420",1,2024,9,12,"SPGR_LR","CFK09",NA,24.617262,-81.129668,2468732,"CD3","DRM","NCRMP_NA",NA
"276","FLK","AA2452",1,2024,8,21,"SPGR_HR","CFK07",NA,24.545788,-81.40556,2169453,"CD2","DRM","MIR_GRP",NA
"277","FLK","AA2454",1,2024,8,22,"ISOL_MR","CFK02",NA,24.54473,-81.594155,2167413,"CD0","DRM","NCRMP_GRP",NA
"278","FLK","AA2458",1,2024,9,16,"ISOL_MR","CFK01",NA,24.534111,-81.872589,2134490,"CD0","DRM","NCRMP_GRP",NA
"279","FLK","AA2470",1,2024,9,19,"ISOL_MR","CFK01",NA,24.512726,-81.92985,2064499,"CD0","DRM","NCRMP_GRP",NA
"280","FLK","AA2486",1,2024,9,19,"ISOL_MR","CFK02",NA,24.481319,-81.932321,1979173,"CD0","DRM","NCRMP_GRP",NA
"281","FLK","AA2489",1,2024,9,19,"ISOL_MR","CFK02",NA,24.479774,-81.933386,1976031,"CD0","DRM","NCRMP_GRP",NA
"282","FLK","AA2491",1,2024,9,19,"ISOL_MR","CFK02",NA,24.473894,-81.913361,1961779,"CD0","DRM","NCRMP_GRP",NA
"283","FLK","AA2499",1,2024,9,15,"ISOL_MR","CFK02",NA,24.465342,-81.938942,1944397,"CD0","DRM","NCRMP_GRP",NA
"284","FLK","AA2505",1,2024,9,3,"SPGR_HR","CFK05",NA,24.453534,-81.87336,1921144,"CD1","DRM","NCRMP_GRP",NA
"285","FLK","AA2507",1,2024,9,19,"CONT_LR","CFK07",NA,24.445105,-81.93157,1907262,"CD2","DRM","NCRMP_GRP",NA
"286","FLK","AA3016",1,2024,8,14,"SPGR_LR","CFK09",NA,24.88831667,-80.54926667,3439153,"CD3","DRM","NCRMP_NA",NA
"287","FLK","AA3017",1,2024,8,14,"CONT_LR","CFK07",NA,24.89531667,-80.57301667,3449031,"CD2","DRM","NCRMP_GRP",NA
"288","FLK","AA3018",1,2024,8,7,"CONT_LR","CFK05",NA,24.941833,-80.475116,3518967,"CD1","DRM","NCRMP_GRP",NA
"289","FLK","AA3019",1,2024,8,7,"CONT_LR","CFK05",NA,24.93975,-80.479,3515081,"CD1","DRM","NCRMP_GRP",NA
"290","FLK","AA3020",1,2024,8,11,"SPGR_LR","CFK04",NA,24.9420833,-80.475,3518967,"CD1","DRM","NCRMP_GRP",NA
"291","FLK","AA3021",1,2024,8,11,"CONT_LR","CFK07",NA,24.94,-80.48246667,3515722,"CD2","DRM","NCRMP_GRP",NA
"292","FLK","AA3022",1,2024,8,25,"CONT_LR","CFK05",NA,24.893567,-80.577733,3446397,"CD1","DRM","NCRMP_GRP",NA
"293","FLK","AA3023",1,2024,8,27,"ISOL_MR","CFK02",NA,24.481853,-81.817219,1979406,"CD0","DRM","NCRMP_GRP",NA
"294","FLK","AA3024",1,2024,8,24,"SPGR_HR","CFK03",NA,25.139717,-80.294067,3767336,"CD0","DRM","MIR_GRP",NA
"295","FLK","AA3025",1,2024,8,25,"CONT_LR","CFK06",NA,25.1301,-80.2871,3756050,"CD2","DRM","NCRMP_GRP",NA
"296","FLK","AA3026",1,2024,8,26,"ISOL_MR","CFK02",NA,25.14206,-80.312639,3769846,"CD0","DRM","NCRMP_GRP",NA
"297","FLK","AA3027",1,2024,8,21,"ISOL_HR","CFK03",NA,25.31635,-80.188233,3936147,"CD0","DRM","NCRMP_GRP",NA
"298","FLK","AA3028",1,2024,8,21,"ISOL_MR","CFK02",NA,25.31275,-80.197783,3933183,"CD0","DRM","NCRMP_GRP",NA
"299","FLK","AA3030",1,2024,8,24,"SPGR_LR","CFK06",NA,24.98194444,-80.42166667,3573010,"CD2","DRM","NCRMP_GRP",NA
"300","FLK","AA3031",1,2024,8,14,"ISOL_MR","CFK03",NA,24.87833333,-80.5697222,3422514,"CD0","DRM","NCRMP_GRP",NA
"301","FLK","AA3032",1,2024,8,31,"SPGR_MR","CFK05",NA,24.92185,-80.505833,3488698,"CD1","DRM","NCRMP_GRP",NA
"302","FLK","AA3033",1,2024,8,31,"SPGR_LR","CFK05",NA,24.91416667,-80.51527778,3477447,"CD1","DRM","NCRMP_GRP",NA
"303","FLK","AA3034",1,2024,8,14,"SPGR_LR","CFK09",NA,24.90388889,-80.52611111,3461790,"CD3","DRM","NCRMP_NA",NA
"304","FLK","AA3035",1,2024,8,24,"CONT_LR","CFK05",NA,24.943333,-80.4729333,3520261,"CD1","DRM","NCRMP_GRP",NA
"305","FLK","AA3036",1,2024,9,8,"SPGR_LR","CFK04",NA,24.84505,-80.6179333,3354813,"CD1","DRM","NCRMP_GRP",NA
"306","FLK","AA3037",1,2024,9,11,"SPGR_HR","CFK05",NA,24.95533333,-80.45776667,3537259,"CD1","DRM","NCRMP_GRP",NA
"307","FLK","AA3107",1,2024,10,3,"SPGR_HR","CFK05",NA,24.62608,-81.111,2509194,"CD1","DRM","MIR_GRP",NA
"308","FLK","AA3108",1,2024,10,3,"CONT_LR","CFK05",NA,24.68165,-80.97305,2751689,"CD1","DRM","NCRMP_GRP",NA
"309","FLK","AA3109",1,2024,9,18,"ISOL_MR","CFK01",NA,24.5343,-81.871867,2134490,"CD0","DRM","NCRMP_GRP",NA
"310","FLK","AA3111",1,2024,10,24,"SPGR_LR","CFK09",NA,24.88223333,-80.55898333,3429287,"CD3","DRM","NCRMP_NA",NA
"311","FLK","AA3112",1,2024,10,2,"ISOL_MR","CFK02",NA,24.95556,-80.503963,3537166,"CD0","DRM","NCRMP_GRP",NA
"312","FLK","AAMQ24-49",1,2024,11,12,"ISOL_MR","CFK02",NA,24.4631,-81.98399,1940648,"CD0","DRM","NCRMP_GRP",NA
"313","FLK","AAMQ24-89",1,2024,11,12,"ISOL_MR","CFK02",NA,24.48027,-81.95536,1977030,"CD0","DRM","NCRMP_GRP",NA
"314","FLK","W1294",13022,2022,9,22,"ISOL_MR","CFK01",NA,24.618762,-81.380746,2476782,"CD0","DRM","MIR_GRP",1
"315","FLK","W1296",12372,2022,8,31,"ISOL_MR","CFK01",NA,24.61617,-81.39075,2466067,"CD0","DRM","MIR_GRP",1
"316","FLK","W1297",12582,2022,8,31,"ISOL_MR","CFK01",NA,24.6149,-81.39326,2459712,"CD0","DRM","MIR_GRP",1
"317","FLK","W2271",12680,2022,9,22,"ISOL_MR","CFK01",NA,24.61599,-81.391177,2463949,"CD0","DRM","MIR_GRP",1
"318","FLK","W1249",12704,2022,9,14,"ISOL_MR","CFK02",NA,24.90403,-80.615115,3461610,"CD0","DRM","MIR_GRP",1
"319","FLK","W1250",12961,2022,9,14,"ISOL_MR","CFK02",NA,24.90399,-80.60991,3461620,"CD0","DRM","MIR_GRP",1
"320","FLK","W1251",12970,2022,9,14,"ISOL_HR","CFK02",NA,24.8973,-80.61593,3451572,"CD0","DRM","MIR_GRP",1
"321","FLK","W3020",10875,2022,9,22,"ISOL_MR","CFK02",NA,24.90417,-80.61028,3461620,"CD0","DRM","MIR_GRP",1
"322","FLK","W1336",12321,2022,8,31,"SPGR_HR","CFK05",NA,24.546784,-81.4031,2172786,"CD1","DRM","MIR_GRP",1
"323","FLK","W1290",12383,2022,9,1,"SPGR_HR","CFK07",NA,24.625322,-81.11216,2507109,"CD2","DRM","MIR_GRP",1
"324","FLK","W1339",12284,2022,8,31,"SPGR_HR","CFK07",NA,24.545325,-81.410466,2167785,"CD2","DRM","MIR_GRP",1
"325","FLK","W1257",12718,2022,10,27,"ISOL_MR","CFK01",NA,24.836164,-80.727948,3334374,"CD0","DRM","NCRMP_GRP",1
"326","FLK","W1269",12995,2022,10,14,"ISOL_MR","CFK01",NA,24.74864,-80.929855,3036778,"CD0","DRM","NCRMP_GRP",1
"327","FLK","W1281",10604,2022,8,23,"ISOL_MR","CFK01",NA,24.695032,-81.03984,2808512,"CD0","DRM","NCRMP_GRP",1
"328","FLK","W1282",11065,2022,8,23,"ISOL_MR","CFK01",NA,24.69421,-81.040228,2804693,"CD0","DRM","NCRMP_GRP",1
"329","FLK","W1308",13083,2022,9,20,"ISOL_MR","CFK01",NA,24.58777,-81.547736,2339241,"CD0","DRM","NCRMP_GRP",1
"330","FLK","W1309",12392,2022,9,20,"ISOL_MR","CFK01",NA,24.58665,-81.58132,2335273,"CD0","DRM","NCRMP_GRP",1
"331","FLK","W1313",12286,2022,8,24,"ISOL_MR","CFK01",NA,24.56832,-81.646746,2259617,"CD0","DRM","NCRMP_GRP",1
"332","FLK","W1320",12287,2022,8,24,"ISOL_MR","CFK01",NA,24.5624,-81.659016,2236132,"CD0","DRM","NCRMP_GRP",1
"333","FLK","W1322",10935,2022,8,30,"ISOL_MR","CFK01",NA,24.56057,-81.664218,2229007,"CD0","DRM","NCRMP_GRP",1
"334","FLK","W1324",10938,2022,8,30,"ISOL_MR","CFK01",NA,24.556654,-81.67159,2213158,"CD0","DRM","NCRMP_GRP",1
"335","FLK","W1328",10937,2022,8,30,"ISOL_MR","CFK01",NA,24.553072,-81.687129,2199227,"CD0","DRM","NCRMP_GRP",1
"336","FLK","W1330",12374,2022,8,30,"ISOL_MR","CFK01",NA,24.55051,-81.700457,2190680,"CD0","DRM","NCRMP_GRP",1
"337","FLK","W2178",12726,2022,10,28,"ISOL_MR","CFK01",NA,25.32961,-80.233095,3946510,"CD0","DRM","NCRMP_GRP",1
"338","FLK","W2220",12790,2022,10,26,"ISOL_MR","CFK01",NA,24.94588,-80.565398,3523258,"CD0","DRM","NCRMP_GRP",1
"339","FLK","W2244",13296,2022,10,14,"ISOL_MR","CFK01",NA,24.740594,-80.96514,3002375,"CD0","DRM","NCRMP_GRP",1
"340","FLK","W2260",13072,2022,10,14,"ISOL_MR","CFK01",NA,24.69108,-81.050206,2791315,"CD0","DRM","NCRMP_GRP",1
"341","FLK","W2316",13300,2022,10,26,"ISOL_MR","CFK01",NA,24.51458,-81.94004,2070086,"CD0","DRM","NCRMP_GRP",1
"342","FLK","W1190",12875,2022,10,14,"ISOL_MR","CFK02",NA,25.39807,-80.16362,3996743,"CD0","DRM","NCRMP_GRP",1
"343","FLK","W1260",12773,2022,10,28,"ISOL_MR","CFK02",NA,24.79818,-80.741526,3227879,"CD0","DRM","NCRMP_GRP",1
"344","FLK","W1348",12283,2022,8,30,"ISOL_MR","CFK02",NA,24.53253,-81.635527,2123999,"CD0","DRM","NCRMP_GRP",1
"345","FLK","W1180",12354,2022,10,11,"ISOL_MR","CFK02",NA,25.51975,-80.13936,4060174,"CD0","DRM","NCRMP_GRP",1
"346","FLK","W1182",12455,2022,10,20,"ISOL_MR","CFK02",NA,25.479254,-80.146686,4040460,"CD0","DRM","NCRMP_GRP",1
"347","FLK","W1184",12454,2022,10,20,"ISOL_MR","CFK02",NA,25.46723,-80.14132,4034707,"CD0","DRM","NCRMP_GRP",1
"348","FLK","W1186",12892,2022,10,14,"ISOL_MR","CFK02",NA,25.455481,-80.143478,4028903,"CD0","DRM","NCRMP_GRP",1
"349","FLK","W1189",12872,2022,10,25,"ISOL_MR","CFK02",NA,25.40023,-80.158667,3998285,"CD0","DRM","NCRMP_GRP",1
"350","FLK","W1192",12900,2022,10,27,"ISOL_MR","CFK02",NA,25.36522,-80.18306,3973460,"CD0","DRM","NCRMP_GRP",1
"351","FLK","W1194",12874,2022,10,25,"ISOL_MR","CFK02",NA,25.3629,-80.16435,3971858,"CD0","DRM","NCRMP_GRP",1
"352","FLK","W1196",12886,2022,10,25,"ISOL_MR","CFK02",NA,25.362344,-80.18513,3971488,"CD0","DRM","NCRMP_GRP",1
"353","FLK","W1198",12912,2022,10,27,"ISOL_MR","CFK02",NA,25.3473,-80.16299,3960505,"CD0","DRM","NCRMP_GRP",1
"354","FLK","W1199",12896,2022,10,27,"ISOL_MR","CFK02",NA,25.33697,-80.177606,3952564,"CD0","DRM","NCRMP_GRP",1
"355","FLK","W1200",12897,2022,10,27,"ISOL_MR","CFK02",NA,25.321603,-80.20539,3940124,"CD0","DRM","NCRMP_GRP",1
"356","FLK","W1206",10589,2022,8,19,"ISOL_MR","CFK02",NA,25.268833,-80.244637,3891630,"CD0","DRM","NCRMP_GRP",1
"357","FLK","W1209",10581,2022,8,19,"ISOL_MR","CFK02",NA,25.231373,-80.25176,3858036,"CD0","DRM","NCRMP_GRP",1
"358","FLK","W1210",10586,2022,8,19,"ISOL_MR","CFK02",NA,25.22348,-80.25708,3851313,"CD0","DRM","NCRMP_GRP",1
"359","FLK","W1211",10573,2022,8,18,"ISOL_MR","CFK02",NA,25.21659,-80.28003,3844927,"CD0","DRM","NCRMP_GRP",1
"360","FLK","W1212",10592,2022,8,25,"ISOL_MR","CFK02",NA,25.21407,-80.25889,3842978,"CD0","DRM","NCRMP_GRP",1
"361","FLK","W1213",10570,2022,8,25,"ISOL_MR","CFK02",NA,25.213652,-80.26279,3842570,"CD0","DRM","NCRMP_GRP",1
"362","FLK","W1214",10579,2022,8,18,"ISOL_MR","CFK02",NA,25.211164,-80.284529,3840078,"CD0","DRM","NCRMP_GRP",1
"363","FLK","W1223",10593,2022,8,25,"ISOL_MR","CFK02",NA,25.1345,-80.31885,3761154,"CD0","DRM","NCRMP_GRP",1
"364","FLK","W1231",10647,2022,9,8,"ISOL_MR","CFK02",NA,25.044704,-80.40587,3651867,"CD0","DRM","NCRMP_GRP",1
"365","FLK","W1234",13114,2022,10,17,"ISOL_MR","CFK02",NA,25.022,-80.4395,3623783,"CD0","DRM","NCRMP_GRP",1
"366","FLK","W1242",13084,2022,10,26,"ISOL_MR","CFK02",NA,24.951122,-80.53489,3530848,"CD0","DRM","NCRMP_GRP",1
"367","FLK","W1246",13116,2022,10,17,"ISOL_MR","CFK02",NA,24.933781,-80.551208,3505753,"CD0","DRM","NCRMP_GRP",1
"368","FLK","W1270",12853,2022,10,31,"ISOL_MR","CFK02",NA,24.737644,-80.89824,2990958,"CD0","DRM","NCRMP_GRP",1
"369","FLK","W1272",12869,2022,10,31,"ISOL_MR","CFK02",NA,24.72955,-80.918536,2956277,"CD0","DRM","NCRMP_GRP",1
"370","FLK","W1273",13092,2022,10,14,"ISOL_MR","CFK02",NA,24.720711,-80.927079,2918028,"CD0","DRM","NCRMP_GRP",1
"371","FLK","W1287",11063,2022,8,26,"ISOL_MR","CFK02",NA,24.66511,-81.074399,2682630,"CD0","DRM","NCRMP_GRP",1
"372","FLK","W1302",13006,2022,9,22,"ISOL_MR","CFK02",NA,24.594911,-81.3627,2367200,"CD0","DRM","NCRMP_GRP",1
"373","FLK","W1304",13019,2022,9,22,"ISOL_MR","CFK02",NA,24.59365,-81.374488,2363208,"CD0","DRM","NCRMP_GRP",1
"374","FLK","W1307",12587,2022,8,31,"ISOL_MR","CFK02",NA,24.592744,-81.398068,2359200,"CD0","DRM","NCRMP_GRP",1
"375","FLK","W1318",13004,2022,9,21,"ISOL_MR","CFK02",NA,24.56452,-81.472848,2241885,"CD0","DRM","NCRMP_GRP",1
"376","FLK","W1319",12905,2022,9,21,"ISOL_MR","CFK02",NA,24.564362,-81.4646,2240106,"CD0","DRM","NCRMP_GRP",1
"377","FLK","W1321",13076,2022,9,16,"ISOL_MR","CFK02",NA,24.56206,-81.57655,2232733,"CD0","DRM","NCRMP_GRP",1
"378","FLK","W1323",13082,2022,9,16,"ISOL_MR","CFK02",NA,24.557602,-81.57966,2215096,"CD0","DRM","NCRMP_GRP",1
"379","FLK","W1325",12395,2022,9,20,"ISOL_MR","CFK02",NA,24.5551,-81.521097,2204745,"CD0","DRM","NCRMP_GRP",1
"380","FLK","W1327",13077,2022,9,16,"ISOL_MR","CFK02",NA,24.55418,-81.58352,2202885,"CD0","DRM","NCRMP_GRP",1
"381","FLK","W1334",13086,2022,9,20,"ISOL_MR","CFK02",NA,24.547923,-81.53287,2177535,"CD0","DRM","NCRMP_GRP",1
"382","FLK","W1340",12266,2022,8,19,"ISOL_MR","CFK02",NA,24.54532,-81.56393,2169132,"CD0","DRM","NCRMP_GRP",1
"383","FLK","W1341",12390,2022,9,6,"ISOL_MR","CFK02",NA,24.544574,-81.592569,2165758,"CD0","DRM","NCRMP_GRP",1
"384","FLK","W1344",12388,2022,9,6,"ISOL_MR","CFK02",NA,24.540643,-81.616836,2152665,"CD0","DRM","NCRMP_GRP",1
"385","FLK","W1350",12385,2022,9,6,"ISOL_MR","CFK02",NA,24.53145,-81.60981,2120967,"CD0","DRM","NCRMP_GRP",1
"386","FLK","W1351",13093,2022,9,6,"ISOL_MR","CFK02",NA,24.53024,-81.62322,2116354,"CD0","DRM","NCRMP_GRP",1
"387","FLK","W1352",10933,2022,8,30,"ISOL_MR","CFK02",NA,24.52982,-81.639796,2114798,"CD0","DRM","NCRMP_GRP",1
"388","FLK","W1354",10932,2022,8,30,"ISOL_MR","CFK02",NA,24.52282,-81.646438,2092313,"CD0","DRM","NCRMP_GRP",1
"389","FLK","W1356",12629,2022,10,25,"ISOL_HR","CFK02",NA,24.519512,-81.699159,2082018,"CD0","DRM","NCRMP_GRP",1
"390","FLK","W1358",10936,2022,8,30,"ISOL_MR","CFK02",NA,24.515151,-81.67633,2067808,"CD0","DRM","NCRMP_GRP",1
"391","FLK","W1361",12916,2022,10,25,"ISOL_MR","CFK02",NA,24.511201,-81.70002,2056676,"CD0","DRM","NCRMP_GRP",1
"392","FLK","W1363",13052,2022,10,26,"ISOL_MR","CFK02",NA,24.509475,-81.720819,2051202,"CD0","DRM","NCRMP_GRP",1
"393","FLK","W1364",12960,2022,10,24,"ISOL_MR","CFK02",NA,24.505441,-81.734216,2039233,"CD0","DRM","NCRMP_GRP",1
"394","FLK","W1365",12977,2022,10,24,"ISOL_MR","CFK02",NA,24.50154,-81.745946,2028935,"CD0","DRM","NCRMP_GRP",1
"395","FLK","W1368",12955,2022,10,24,"ISOL_MR","CFK02",NA,24.494994,-81.75592,2010691,"CD0","DRM","NCRMP_GRP",1
"396","FLK","W1377",13029,2022,10,5,"ISOL_MR","CFK02",NA,24.483285,-81.809978,1982587,"CD0","DRM","NCRMP_GRP",1
"397","FLK","W2198",10646,2022,9,8,"ISOL_MR","CFK02",NA,25.13411,-80.32962,3760620,"CD0","DRM","NCRMP_GRP",1
"398","FLK","W2249",13010,2022,9,23,"ISOL_MR","CFK02",NA,24.71073,-80.94986,2875858,"CD0","DRM","NCRMP_GRP",1
"399","FLK","W2308",12389,2022,9,6,"ISOL_MR","CFK02",NA,24.54066,-81.612887,2152673,"CD0","DRM","NCRMP_GRP",1
"400","FLK","W1380",13053,2022,10,5,"ISOL_MR","CFK03",NA,24.479522,-81.835008,1974142,"CD0","DRM","NCRMP_GRP",1
"401","FLK","W2289",13011,2022,9,22,"ISOL_MR","CFK03",NA,24.56168,-81.407099,2229528,"CD0","DRM","NCRMP_GRP",1
"402","FLK","W1193",12843,2022,10,21,"ISOL_MR","CFK03",NA,25.364203,-80.15773,3972855,"CD0","DRM","NCRMP_GRP",1
"403","FLK","W1201",12891,2022,10,28,"ISOL_MR","CFK03",NA,25.3115,-80.190269,3932095,"CD0","DRM","NCRMP_GRP",1
"404","FLK","W1216",12999,2022,10,24,"ISOL_MR","CFK03",NA,25.21043,-80.24193,3839750,"CD0","DRM","NCRMP_GRP",1
"405","FLK","W1218",12695,2022,10,19,"ISOL_MR","CFK03",NA,25.18192,-80.247375,3811761,"CD0","DRM","NCRMP_GRP",1
"406","FLK","W1219",12840,2022,10,19,"ISOL_MR","CFK03",NA,25.170824,-80.25837,3800619,"CD0","DRM","NCRMP_GRP",1
"407","FLK","W1220",12731,2022,10,20,"ISOL_MR","CFK03",NA,25.161492,-80.258889,3791162,"CD0","DRM","NCRMP_GRP",1
"408","FLK","W1222",13002,2022,10,24,"ISOL_MR","CFK03",NA,25.14545,-80.2714,3773985,"CD0","DRM","NCRMP_GRP",1
"409","FLK","W1226",12689,2022,10,20,"SPGR_HR","CFK03",NA,25.1085,-80.30631,3730719,"CD0","DRM","NCRMP_GRP",1
"410","FLK","W1227",13059,2022,10,24,"SPGR_HR","CFK03",NA,25.10712,-80.3063,3729117,"CD0","DRM","NCRMP_GRP",1
"411","FLK","W1271",12860,2022,10,31,"ISOL_MR","CFK03",NA,24.73517,-80.86533,2979461,"CD0","DRM","NCRMP_GRP",1
"412","FLK","W1275",12992,2022,9,23,"ISOL_MR","CFK03",NA,24.71217,-80.92644,2881703,"CD0","DRM","NCRMP_GRP",1
"413","FLK","W1276",13026,2022,10,14,"ISOL_MR","CFK03",NA,24.704193,-80.93974,2847002,"CD0","DRM","NCRMP_GRP",1
"414","FLK","W1279",10603,2022,8,23,"ISOL_MR","CFK03",NA,24.697695,-80.970095,2820121,"CD0","DRM","NCRMP_GRP",1
"415","FLK","W1311",13089,2022,9,7,"ISOL_MR","CFK03",NA,24.568924,-81.381617,2258334,"CD0","DRM","NCRMP_GRP",1
"416","FLK","W1314",12297,2022,9,7,"ISOL_MR","CFK03",NA,24.56822,-81.38494,2254693,"CD0","DRM","NCRMP_GRP",1
"417","FLK","W1316",12373,2022,8,31,"ISOL_MR","CFK03",NA,24.56688,-81.39303,2249247,"CD0","DRM","NCRMP_GRP",1
"418","FLK","W1317",12590,2022,8,31,"ISOL_MR","CFK03",NA,24.56533,-81.39279,2243845,"CD0","DRM","NCRMP_GRP",1
"419","FLK","W1367",12720,2022,10,26,"ISOL_MR","CFK03",NA,24.49558,-81.708729,2011968,"CD0","DRM","NCRMP_GRP",1
"420","FLK","W1371",13106,2022,10,26,"ISOL_MR","CFK03",NA,24.49327,-81.71417,2006095,"CD0","DRM","NCRMP_GRP",1
"421","FLK","W1382",13054,2022,10,5,"ISOL_MR","CFK03",NA,24.47578,-81.86124,1965889,"CD0","DRM","NCRMP_GRP",1
"422","FLK","W1383",13057,2022,10,6,"ISOL_MR","CFK03",NA,24.47427,-81.88738,1962824,"CD0","DRM","NCRMP_GRP",1
"423","FLK","W1387",13055,2022,10,6,"ISOL_MR","CFK03",NA,24.46587,-81.8967,1945409,"CD0","DRM","NCRMP_GRP",1
"424","FLK","W1393",13037,2022,10,6,"ISOL_MR","CFK03",NA,24.45684,-81.908159,1927626,"CD0","DRM","NCRMP_GRP",1
"425","FLK","W2252",12863,2022,9,23,"ISOL_MR","CFK03",NA,24.70489,-80.93561,2850839,"CD0","DRM","NCRMP_GRP",1
"426","FLK","W3012",10869,2022,9,15,"ISOL_MR","CFK03",NA,24.87855,-80.57013,3423295,"CD0","DRM","NCRMP_GRP",1
"427","FLK","W3027",12819,2022,10,20,"ISOL_MR","CFK03",NA,25.16167,-80.25827,3791628,"CD0","DRM","NCRMP_GRP",1
"428","FLK","W1225",10639,2022,9,8,"CONT_LR","CFK04",NA,25.113995,-80.30699,3737094,"CD1","DRM","NCRMP_GRP",1
"429","FLK","W1253",12920,2022,9,15,"CONT_LR","CFK04",NA,24.883924,-80.591975,3432111,"CD1","DRM","NCRMP_GRP",1
"430","FLK","W1369",13104,2022,10,26,"CONT_LR","CFK04",NA,24.494582,-81.65833,2008536,"CD1","DRM","NCRMP_GRP",1
"431","FLK","W1394",13056,2022,10,6,"SPGR_HR","CFK04",NA,24.455945,-81.85469,1925242,"CD1","DRM","NCRMP_GRP",1
"432","FLK","W1215",12794,2022,10,19,"CONT_LR","CFK05",NA,25.210702,-80.22499,3840198,"CD1","DRM","NCRMP_GRP",1
"433","FLK","W1217",12611,2022,9,16,"SPGR_HR","CFK05",NA,25.20948,-80.21307,3838980,"CD1","DRM","NCRMP_GRP",1
"434","FLK","W1224",10729,2022,9,8,"CONT_LR","CFK05",NA,25.1234,-80.30701,3748176,"CD1","DRM","NCRMP_GRP",1
"435","FLK","W1232",13172,2022,10,25,"SPGR_HR","CFK05",NA,25.03336,-80.35078,3637942,"CD1","DRM","NCRMP_GRP",1
"436","FLK","W1235",13176,2022,10,25,"RUBB_LR","CFK05",NA,25.01383,-80.373388,3613705,"CD1","DRM","NCRMP_GRP",1
"437","FLK","W1256",12711,2022,10,27,"RUBB_LR","CFK05",NA,24.850273,-80.618638,3367323,"CD1","DRM","NCRMP_GRP",1
"438","FLK","W1283",10605,2022,8,25,"CONT_MR","CFK05",NA,24.686222,-80.962447,2772536,"CD1","DRM","NCRMP_GRP",1
"439","FLK","W1284",10720,2022,8,25,"CONT_LR","CFK05",NA,24.684495,-80.966658,2764952,"CD1","DRM","NCRMP_GRP",1
"440","FLK","W1286",10607,2022,8,25,"CONT_LR","CFK05",NA,24.681891,-80.973065,2753579,"CD1","DRM","NCRMP_GRP",1
"441","FLK","W1353",12911,2022,9,21,"SPGR_HR","CFK05",NA,24.522945,-81.520007,2091101,"CD1","DRM","NCRMP_GRP",1
"442","FLK","W2160",12348,2022,10,11,"SPGR_LR","CFK05",NA,25.485553,-80.1103,4043853,"CD1","DRM","NCRMP_GRP",1
"443","FLK","W2221",13119,2022,10,17,"CONT_LR","CFK05",NA,24.94108,-80.47726,3517028,"CD1","DRM","NCRMP_GRP",1
"444","FLK","W2254",12949,2022,9,23,"RUBB_LR","CFK05",NA,24.697345,-80.93202,2818286,"CD1","DRM","NCRMP_GRP",1
"445","FLK","W3021",10942,2022,9,21,"CONT_LR","CFK05",NA,24.89357,-80.57743,3446398,"CD1","DRM","NCRMP_GRP",1
"446","FLK","W1172",12305,2022,8,26,"CONT_LR","CFK06",NA,25.74261,-80.0979,4151896,"CD2","DRM","NCRMP_GRP",1
"447","FLK","W1185",12893,2022,10,14,"CONT_LR","CFK06",NA,25.459301,-80.1145,4030973,"CD2","DRM","NCRMP_GRP",1
"448","FLK","W1221",12685,2022,10,20,"CONT_LR","CFK06",NA,25.153101,-80.25476,3782567,"CD2","DRM","NCRMP_GRP",1
"449","FLK","W1240",13105,2022,10,17,"CONT_LR","CFK06",NA,24.9523,-80.457898,3532879,"CD2","DRM","NCRMP_GRP",1
"450","FLK","W1285",12931,2022,9,23,"SPGR_LR","CFK06",NA,24.68313,-80.93422,2759330,"CD2","DRM","NCRMP_GRP",1
"451","FLK","W1300",12376,2022,9,1,"CONT_LR","CFK06",NA,24.60331,-81.20568,2403914,"CD2","DRM","NCRMP_GRP",1
"452","FLK","W1347",13088,2022,9,8,"SPGR_LR","CFK06",NA,24.537604,-81.455399,2140104,"CD2","DRM","NCRMP_GRP",1
"453","FLK","W1396",13091,2022,10,5,"CONT_LR","CFK06",NA,24.45448,-81.87392,1922755,"CD2","DRM","NCRMP_GRP",1
"454","FLK","W1401",13304,2022,10,26,"SPGR_LR","CFK06",NA,24.444995,-82.00279,1907850,"CD2","DRM","NCRMP_GRP",1
"455","FLK","W3026",12814,2022,10,20,"CONT_LR","CFK06",NA,25.15361,-80.25435,3783068,"CD2","DRM","NCRMP_GRP",1
"456","FLK","W1177",12169,2022,9,23,"CONT_LR","CFK07",NA,25.66749,-80.090029,4124045,"CD2","DRM","NCRMP_GRP",1
"457","FLK","W1178",12179,2022,9,23,"CONT_LR","CFK07",NA,25.64361,-80.09557,4113968,"CD2","DRM","NCRMP_GRP",1
"458","FLK","W1179",12173,2022,9,23,"SPGR_LR","CFK07",NA,25.603852,-80.093997,4095936,"CD2","DRM","NCRMP_GRP",1
"459","FLK","W1188",12876,2022,10,21,"SPGR_LR","CFK07",NA,25.40664,-80.12956,4002831,"CD2","DRM","NCRMP_GRP",1
"460","FLK","W1195",12878,2022,10,25,"CONT_LR","CFK07",NA,25.36245,-80.144207,3971899,"CD2","DRM","NCRMP_GRP",1
"461","FLK","W1197",12859,2022,10,21,"CONT_LR","CFK07",NA,25.35126,-80.151946,3963587,"CD2","DRM","NCRMP_GRP",1
"462","FLK","W1202",12894,2022,10,28,"SPGR_LR","CFK07",NA,25.30177,-80.167628,3924164,"CD2","DRM","NCRMP_GRP",1
"463","FLK","W1203",12895,2022,10,28,"CONT_LR","CFK07",NA,25.29646,-80.17379,3919416,"CD2","DRM","NCRMP_GRP",1
"464","FLK","W1207",12957,2022,9,15,"CONT_LR","CFK07",NA,25.260534,-80.207248,3884045,"CD2","DRM","NCRMP_GRP",1
"465","FLK","W1208",12609,2022,9,16,"SPGR_LR","CFK07",NA,25.255874,-80.19291,3879974,"CD2","DRM","NCRMP_GRP",1
"466","FLK","W1229",13061,2022,10,24,"CONT_LR","CFK07",NA,25.075483,-80.32131,3690727,"CD2","DRM","NCRMP_GRP",1
"467","FLK","W1230",13063,2022,10,24,"ISOL_LR","CFK07",NA,25.07274,-80.31855,3687401,"CD2","DRM","NCRMP_GRP",1
"468","FLK","W1233",13066,2022,10,25,"SPGR_LR","CFK07",NA,25.028522,-80.35886,3632322,"CD2","DRM","NCRMP_GRP",1
"469","FLK","W1236",13242,2022,10,25,"SPGR_HR","CFK07",NA,25.007574,-80.37745,3605693,"CD2","DRM","NCRMP_GRP",1
"470","FLK","W1238",13174,2022,10,25,"SPGR_LR","CFK07",NA,25.00335,-80.391355,3600483,"CD2","DRM","NCRMP_GRP",1
"471","FLK","W1241",13080,2022,10,26,"CONT_LR","CFK07",NA,24.9523,-80.4574,3532880,"CD2","DRM","NCRMP_GRP",1
"472","FLK","W1244",13108,2022,10,17,"SPGR_HR","CFK07",NA,24.941442,-80.50294,3517626,"CD2","DRM","NCRMP_GRP",1
"473","FLK","W1248",12898,2022,9,14,"SPGR_LR","CFK07",NA,24.91363,-80.517289,3476771,"CD2","DRM","NCRMP_GRP",1
"474","FLK","W1252",12921,2022,9,15,"CONT_LR","CFK07",NA,24.885893,-80.58543,3434994,"CD2","DRM","NCRMP_GRP",1
"475","FLK","W1263",12827,2022,10,28,"SPGR_LR","CFK07",NA,24.76648,-80.751486,3112583,"CD2","DRM","NCRMP_GRP",1
"476","FLK","W1264",12831,2022,10,28,"SPGR_LR","CFK07",NA,24.75769,-80.751256,3075347,"CD2","DRM","NCRMP_GRP",1
"477","FLK","W1265",12837,2022,10,31,"SPGR_LR","CFK07",NA,24.75618,-80.771178,3069573,"CD2","DRM","NCRMP_GRP",1
"478","FLK","W1266",12844,2022,10,31,"SPGR_LR","CFK07",NA,24.753772,-80.75926,3060039,"CD2","DRM","NCRMP_GRP",1
"479","FLK","W1288",12765,2022,10,14,"SPGR_LR","CFK07",NA,24.66505,-80.992387,2682796,"CD2","DRM","NCRMP_GRP",1
"480","FLK","W1289",11115,2022,8,26,"CONT_LR","CFK07",NA,24.647441,-81.069889,2607055,"CD2","DRM","NCRMP_GRP",1
"481","FLK","W1291",12378,2022,9,1,"CONT_LR","CFK07",NA,24.624215,-81.113879,2500836,"CD2","DRM","NCRMP_GRP",1
"482","FLK","W1329",12181,2022,8,31,"SPGR_LR","CFK07",NA,24.552624,-81.383857,2194721,"CD2","DRM","NCRMP_GRP",1
"483","FLK","W1335",12391,2022,9,20,"CONT_LR","CFK07",NA,24.54762,-81.45807,2176011,"CD2","DRM","NCRMP_GRP",1
"484","FLK","W1337",12815,2022,9,8,"SPGR_LR","CFK07",NA,24.545963,-81.422396,2169419,"CD2","DRM","NCRMP_GRP",1
"485","FLK","W1342",13087,2022,9,8,"ISOL_LR","CFK07",NA,24.54349,-81.47127,2161078,"CD2","DRM","NCRMP_GRP",1
"486","FLK","W1343",13003,2022,9,21,"CONT_LR","CFK07",NA,24.54111,-81.48914,2152924,"CD2","DRM","NCRMP_GRP",1
"487","FLK","W1355",12386,2022,9,6,"CONT_LR","CFK07",NA,24.520382,-81.59151,2083684,"CD2","DRM","NCRMP_GRP",1
"488","FLK","W1357",12263,2022,8,15,"CONT_LR","CFK07",NA,24.515244,-81.58981,2067984,"CD2","DRM","NCRMP_GRP",1
"489","FLK","W1362",12387,2022,9,6,"SPGR_HR","CFK07",NA,24.51013,-81.56832,2051511,"CD2","DRM","NCRMP_GRP",1
"490","FLK","W1373",13048,2022,10,26,"SPGR_LR","CFK07",NA,24.49211,-81.65561,2002768,"CD2","DRM","NCRMP_GRP",1
"491","FLK","W1374",13049,2022,10,26,"CONT_LR","CFK07",NA,24.49064,-81.667409,1999342,"CD2","DRM","NCRMP_GRP",1
"492","FLK","W1375",13102,2022,10,25,"SPGR_LR","CFK07",NA,24.490312,-81.66544,1998224,"CD2","DRM","NCRMP_GRP",1
"493","FLK","W1379",13058,2022,10,6,"CONT_LR","CFK07",NA,24.47985,-81.77981,1974254,"CD2","DRM","NCRMP_GRP",1
"494","FLK","W1381",12940,2022,10,24,"RUBB_LR","CFK07",NA,24.47687,-81.740369,1967146,"CD2","DRM","NCRMP_GRP",1
"495","FLK","W1392",13034,2022,10,6,"CONT_LR","CFK07",NA,24.457514,-81.914788,1928468,"CD2","DRM","NCRMP_GRP",1
"496","FLK","W1398",13298,2022,10,26,"CONT_LR","CFK07",NA,24.45215,-81.96072,1919371,"CD2","DRM","NCRMP_GRP",1
"497","FLK","W1399",13302,2022,10,26,"CONT_LR","CFK07",NA,24.44876,-81.996215,1913831,"CD2","DRM","NCRMP_GRP",1
"498","FLK","W2150",12315,2022,8,26,"CONT_LR","CFK07",NA,25.722174,-80.09958,4144787,"CD2","DRM","NCRMP_GRP",1
"499","FLK","W2151",12118,2022,9,23,"CONT_LR","CFK07",NA,25.666242,-80.09689,4123497,"CD2","DRM","NCRMP_GRP",1
"500","FLK","W2225",12908,2022,9,14,"CONT_LR","CFK07",NA,24.90492,-80.538699,3463126,"CD2","DRM","NCRMP_GRP",1
"501","FLK","W2285",12322,2022,9,7,"RUBB_LR","CFK07",NA,24.57124,-81.30847,2267622,"CD2","DRM","NCRMP_GRP",1
"502","FLK","W2312",10927,2022,8,12,"CONT_LR","CFK07",NA,24.526463,-81.561057,2102882,"CD2","DRM","NCRMP_GRP",1
"503","FLK","W3010",10746,2022,9,17,"SPGR_HR","CFK07",NA,24.84562,-80.623675,3356865,"CD2","DRM","NCRMP_GRP",1
"504","FLK","W3011",10750,2022,9,8,"CONT_LR","CFK07",NA,24.895381,-80.572236,3449033,"CD2","DRM","NCRMP_GRP",1
"505","FLK","W3019",10866,2022,9,23,"CONT_LR","CFK07",NA,24.88979,-80.56628,3441129,"CD2","DRM","NCRMP_GRP",1
"506","FLK","W1245",12788,2022,10,26,"SPGR_LR","CFK08",NA,24.939713,-80.474296,3515090,"CD3","DRM","NCRMP_NA",1
"507","FLK","W1310",12201,2022,9,7,"RUBB_LR","CFK08",NA,24.571413,-81.298497,2267642,"CD3","DRM","NCRMP_NA",1
"508","FLK","W1312",12195,2022,9,7,"SPGR_LR","CFK08",NA,24.568643,-81.31226,2256654,"CD3","DRM","NCRMP_NA",1
"509","FLK","W1315",12323,2022,9,7,"SPGR_LR","CFK08",NA,24.56694,-81.32084,2249393,"CD3","DRM","NCRMP_NA",1
"510","FLK","W1326",12200,2022,9,7,"SPGR_LR","CFK08",NA,24.55457,-81.362147,2201609,"CD3","DRM","NCRMP_NA",1
"511","FLK","W1332",12579,2022,8,31,"SPGR_LR","CFK08",NA,24.549744,-81.3866,2182871,"CD3","DRM","NCRMP_NA",1
"512","FLK","W1346",12189,2022,9,8,"SPGR_LR","CFK08",NA,24.538561,-81.437137,2143345,"CD3","DRM","NCRMP_NA",1
"513","FLK","W1191",12880,2022,10,21,"SPGR_LR","CFK09",NA,25.379275,-80.13792,3983927,"CD3","DRM","NCRMP_NA",1
"514","FLK","W1205",12888,2022,9,16,"SPGR_LR","CFK09",NA,25.27839,-80.18134,3901633,"CD3","DRM","NCRMP_NA",1
"515","FLK","W1255",12603,2022,9,15,"SPGR_LR","CFK09",NA,24.87559,-80.568746,3417832,"CD3","DRM","NCRMP_NA",1
"516","FLK","W1258",12738,2022,10,27,"SPGR_LR","CFK09",NA,24.821485,-80.656377,3300759,"CD3","DRM","NCRMP_NA",1
"517","FLK","W1259",12745,2022,10,27,"SPGR_LR","CFK09",NA,24.80663,-80.677196,3257647,"CD3","DRM","NCRMP_NA",1
"518","FLK","W1262",12823,2022,10,28,"SPGR_LR","CFK09",NA,24.771951,-80.722787,3133685,"CD3","DRM","NCRMP_NA",1
"519","FLK","W1295",12807,2022,9,1,"SPGR_LR","CFK09",NA,24.616491,-81.136425,2464464,"CD3","DRM","NCRMP_NA",1
"520","FLK","W1299",12377,2022,9,1,"SPGR_LR","CFK09",NA,24.61047,-81.152876,2437089,"CD3","DRM","NCRMP_NA",1
"521","FLK","W1301",12375,2022,9,1,"SPGR_LR","CFK09",NA,24.5994,-81.19668,2387676,"CD3","DRM","NCRMP_NA",1
"522","FLK","W1303",13009,2022,9,1,"SPGR_LR","CFK09",NA,24.594594,-81.2168,2365512,"CD3","DRM","NCRMP_NA",1
"523","FLK","W1306",12380,2022,9,1,"SPGR_LR","CFK09",NA,24.592772,-81.21895,2357589,"CD3","DRM","NCRMP_NA",1
"524","FLK","W1349",12915,2022,9,21,"SPGR_LR","CFK09",NA,24.531703,-81.46525,2119728,"CD3","DRM","NCRMP_NA",1
"525","FLK","W1366",12301,2022,8,19,"SPGR_LR","CFK09",NA,24.499224,-81.624546,2020525,"CD3","DRM","NCRMP_NA",1
"526","FLK","W1372",13100,2022,10,25,"SPGR_LR","CFK09",NA,24.49308,-81.65213,2005069,"CD3","DRM","NCRMP_NA",1
"527","FLK","W1400",13028,2022,9,23,"CONT_LR","CFK09",NA,24.44805,-81.893117,1911756,"CD3","DRM","NCRMP_NA",1
"528","FLK","W2227",12607,2022,9,14,"SPGR_LR","CFK09",NA,24.90081,-80.53364,3457042,"CD3","DRM","NCRMP_NA",1
"529","FLK","W3018",10872,2022,9,14,"SPGR_LR","CFK09",NA,24.88882,-80.54925,3439827,"CD3","DRM","NCRMP_NA",1
"530","FLK","W3022",13090,2022,9,1,"SPGR_LR","CFK09",NA,24.62209,-81.11223,2492363,"CD3","DRM","NCRMP_NA",1
"531","FLK","W3024",13005,2022,10,26,"SPGR_HR","CFK09",NA,24.48738,-81.6707,1991539,"CD3","DRM","NCRMP_NA",1
