YEAR,COVER_CAT_CD,analysis_group,strat_cora,ntot,n,avp,se_p
2022,ACR CERV,MIR_GRP,CFK01,101,8,0,0
2022,ACR PALM,MIR_GRP,CFK01,101,8,0,0
2022,AGA AGAR,MIR_GRP,CFK01,101,8,0,0
2022,AGA HUMI,MIR_GRP,CFK01,101,8,0,0
2022,AGA LAMA,MIR_GRP,CFK01,101,8,0,0
2022,AGA SPE.,MIR_GRP,CFK01,101,8,0,0
2022,BAR SUB.,MIR_GRP,CFK01,101,8,0.12125,0.11839
2022,CLI SPE.,MIR_GRP,CFK01,101,8,0.01125,0.03825
2022,COL NATA,MIR_GRP,CFK01,101,8,0,0
2022,CYA SPE.,MIR_GRP,CFK01,101,8,0,0
2022,DIC SPE.,MIR_GRP,CFK01,101,8,0.04375,0.07418
2022,DIC STOK,MIR_GRP,CFK01,101,8,0,0
2022,DIP LABY,MIR_GRP,CFK01,101,8,0,0
2022,DIP SPE.,MIR_GRP,CFK01,101,8,0,0
2022,EUS FAST,MIR_GRP,CFK01,101,8,0,0
2022,GOR ENCR,MIR_GRP,CFK01,101,8,0.01125,0.03825
2022,GOR GORG,MIR_GRP,CFK01,101,8,0.01625,0.04586
2022,HAL SPE.,MIR_GRP,CFK01,101,8,0.21125,0.14805
2022,HEL CUCU,MIR_GRP,CFK01,101,8,0,0
2022,ISO SINU,MIR_GRP,CFK01,101,8,0,0
2022,LOB SPE.,MIR_GRP,CFK01,101,8,0,0
2022,MAC CALC,MIR_GRP,CFK01,101,8,0.0125,0.0403
2022,MAC FLES,MIR_GRP,CFK01,101,8,0.0025,0.01811
2022,MAD DECA,MIR_GRP,CFK01,101,8,0,0
2022,MAG SPE.,MIR_GRP,CFK01,101,8,0,0
2022,MAN AREO,MIR_GRP,CFK01,101,8,0,0
2022,MEA MEAN,MIR_GRP,CFK01,101,8,0,0
2022,MIL SPE.,MIR_GRP,CFK01,101,8,0,0
2022,MON CAVE,MIR_GRP,CFK01,101,8,0.005,0.02558
2022,MYC ALIC,MIR_GRP,CFK01,101,8,0,0
2022,ORB ANCX,MIR_GRP,CFK01,101,8,0,0
2022,ORB ANNU,MIR_GRP,CFK01,101,8,0.01,0.03609
2022,ORB FAVE,MIR_GRP,CFK01,101,8,0.00375,0.02217
2022,ORB FRAN,MIR_GRP,CFK01,101,8,0,0
2022,OTH CORA,MIR_GRP,CFK01,101,8,0,0
2022,OTH SPE.,MIR_GRP,CFK01,101,8,0.055,0.08269
2022,PAL SPE.,MIR_GRP,CFK01,101,8,0,0
2022,PEY SPE.,MIR_GRP,CFK01,101,8,0,0
2022,POR ASTR,MIR_GRP,CFK01,101,8,0,0
2022,POR DIVA,MIR_GRP,CFK01,101,8,0,0
2022,POR PORI,MIR_GRP,CFK01,101,8,0,0
2022,POR SPE.,MIR_GRP,CFK01,101,8,0,0
2022,PSE CLIV,MIR_GRP,CFK01,101,8,0,0
2022,PSE STRI,MIR_GRP,CFK01,101,8,0.00125,0.01281
2022,RAM SPE.,MIR_GRP,CFK01,101,8,0,0
2022,RHO CRUS,MIR_GRP,CFK01,101,8,0.02625,0.05799
2022,SID RADI,MIR_GRP,CFK01,101,8,0,0
2022,SID SIDE,MIR_GRP,CFK01,101,8,0.00375,0.02217
2022,SOL BOUR,MIR_GRP,CFK01,101,8,0.0025,0.01811
2022,SOL SPE.,MIR_GRP,CFK01,101,8,0,0
2022,SPO OTHE,MIR_GRP,CFK01,101,8,0.015,0.04409
2022,STE INTE,MIR_GRP,CFK01,101,8,0,0
2022,TUR FREE,MIR_GRP,CFK01,101,8,0.26625,0.16031
2022,TUR SEDI,MIR_GRP,CFK01,101,8,0.18125,0.13972
2024,ACR CERV,MIR_GRP,CFK01,101,10,0,0
2024,ACR PALM,MIR_GRP,CFK01,101,10,0,0
2024,AGA AGAR,MIR_GRP,CFK01,101,10,0,0
2024,AGA HUMI,MIR_GRP,CFK01,101,10,0,0
2024,AGA LAMA,MIR_GRP,CFK01,101,10,0,0
2024,AGA SPE.,MIR_GRP,CFK01,101,10,0,0
2024,BAR SUB.,MIR_GRP,CFK01,101,10,0.033,0.05652
2024,CLI SPE.,MIR_GRP,CFK01,101,10,0,0
2024,COL NATA,MIR_GRP,CFK01,101,10,0,0
2024,CYA SPE.,MIR_GRP,CFK01,101,10,0.002,0.01414
2024,DIC SPE.,MIR_GRP,CFK01,101,10,0.003,0.0173
2024,DIC STOK,MIR_GRP,CFK01,101,10,0,0
2024,DIP LABY,MIR_GRP,CFK01,101,10,0,0
2024,DIP SPE.,MIR_GRP,CFK01,101,10,0,0
2024,EUS FAST,MIR_GRP,CFK01,101,10,0,0
2024,GOR ENCR,MIR_GRP,CFK01,101,10,0,0
2024,GOR GORG,MIR_GRP,CFK01,101,10,0,0
2024,HAL SPE.,MIR_GRP,CFK01,101,10,0.217,0.13042
2024,HEL CUCU,MIR_GRP,CFK01,101,10,0,0
2024,ISO SINU,MIR_GRP,CFK01,101,10,0,0
2024,LOB SPE.,MIR_GRP,CFK01,101,10,0,0
2024,MAC CALC,MIR_GRP,CFK01,101,10,0.001,0.01
2024,MAC FLES,MIR_GRP,CFK01,101,10,0.074,0.08282
2024,MAD DECA,MIR_GRP,CFK01,101,10,0,0
2024,MAG SPE.,MIR_GRP,CFK01,101,10,0,0
2024,MAN AREO,MIR_GRP,CFK01,101,10,0,0
2024,MEA MEAN,MIR_GRP,CFK01,101,10,0,0
2024,MIL SPE.,MIR_GRP,CFK01,101,10,0,0
2024,MON CAVE,MIR_GRP,CFK01,101,10,0,0
2024,MYC ALIC,MIR_GRP,CFK01,101,10,0,0
2024,ORB ANCX,MIR_GRP,CFK01,101,10,0,0
2024,ORB ANNU,MIR_GRP,CFK01,101,10,0.01,0.03148
2024,ORB FAVE,MIR_GRP,CFK01,101,10,0.003,0.0173
2024,ORB FRAN,MIR_GRP,CFK01,101,10,0,0
2024,OTH CORA,MIR_GRP,CFK01,101,10,0,0
2024,OTH SPE.,MIR_GRP,CFK01,101,10,0,0
2024,PAL SPE.,MIR_GRP,CFK01,101,10,0,0
2024,PEY SPE.,MIR_GRP,CFK01,101,10,0.029,0.05309
2024,POR ASTR,MIR_GRP,CFK01,101,10,0,0
2024,POR DIVA,MIR_GRP,CFK01,101,10,0,0
2024,POR PORI,MIR_GRP,CFK01,101,10,0,0
2024,POR SPE.,MIR_GRP,CFK01,101,10,0,0
2024,PSE CLIV,MIR_GRP,CFK01,101,10,0,0
2024,PSE STRI,MIR_GRP,CFK01,101,10,0,0
2024,RAM SPE.,MIR_GRP,CFK01,101,10,0.085,0.08824
2024,RHO CRUS,MIR_GRP,CFK01,101,10,0.067,0.07911
2024,SID RADI,MIR_GRP,CFK01,101,10,0.003,0.0173
2024,SID SIDE,MIR_GRP,CFK01,101,10,0.036,0.05894
2024,SOL BOUR,MIR_GRP,CFK01,101,10,0.001,0.01
2024,SOL SPE.,MIR_GRP,CFK01,101,10,0,0
2024,SPO OTHE,MIR_GRP,CFK01,101,10,0.028,0.0522
2024,STE INTE,MIR_GRP,CFK01,101,10,0.003,0.0173
2024,TUR FREE,MIR_GRP,CFK01,101,10,0.058,0.07396
2024,TUR SEDI,MIR_GRP,CFK01,101,10,0.347,0.15061
2022,ACR CERV,MIR_GRP,CFK02,110,12,0,0
2022,ACR PALM,MIR_GRP,CFK02,110,12,0,0
2022,AGA AGAR,MIR_GRP,CFK02,110,12,0,0
2022,AGA HUMI,MIR_GRP,CFK02,110,12,0,0
2022,AGA LAMA,MIR_GRP,CFK02,110,12,0,0
2022,AGA SPE.,MIR_GRP,CFK02,110,12,0,0
2022,BAR SUB.,MIR_GRP,CFK02,110,12,0.10167,0.08601
2022,CLI SPE.,MIR_GRP,CFK02,110,12,0,0
2022,COL NATA,MIR_GRP,CFK02,110,12,0.02417,0.0437
2022,CYA SPE.,MIR_GRP,CFK02,110,12,0.00999,0.0283
2022,DIC SPE.,MIR_GRP,CFK02,110,12,0.16684,0.1061
2022,DIC STOK,MIR_GRP,CFK02,110,12,0,0
2022,DIP LABY,MIR_GRP,CFK02,110,12,0.00385,0.01761
2022,DIP SPE.,MIR_GRP,CFK02,110,12,0,0
2022,EUS FAST,MIR_GRP,CFK02,110,12,0,0
2022,GOR ENCR,MIR_GRP,CFK02,110,12,0.0125,0.03162
2022,GOR GORG,MIR_GRP,CFK02,110,12,0.00417,0.01833
2022,HAL SPE.,MIR_GRP,CFK02,110,12,0.09935,0.08513
2022,HEL CUCU,MIR_GRP,CFK02,110,12,0,0
2022,ISO SINU,MIR_GRP,CFK02,110,12,0,0
2022,LOB SPE.,MIR_GRP,CFK02,110,12,0.02,0.03984
2022,MAC CALC,MIR_GRP,CFK02,110,12,0.00167,0.01161
2022,MAC FLES,MIR_GRP,CFK02,110,12,0.09135,0.08199
2022,MAD DECA,MIR_GRP,CFK02,110,12,0,0
2022,MAG SPE.,MIR_GRP,CFK02,110,12,0,0
2022,MAN AREO,MIR_GRP,CFK02,110,12,0,0
2022,MEA MEAN,MIR_GRP,CFK02,110,12,0,0
2022,MIL SPE.,MIR_GRP,CFK02,110,12,0,0
2022,MON CAVE,MIR_GRP,CFK02,110,12,0.02417,0.0437
2022,MYC ALIC,MIR_GRP,CFK02,110,12,0,0
2022,ORB ANCX,MIR_GRP,CFK02,110,12,0,0
2022,ORB ANNU,MIR_GRP,CFK02,110,12,0.05707,0.06602
2022,ORB FAVE,MIR_GRP,CFK02,110,12,0.05536,0.06508
2022,ORB FRAN,MIR_GRP,CFK02,110,12,0,0
2022,OTH CORA,MIR_GRP,CFK02,110,12,0,0
2022,OTH SPE.,MIR_GRP,CFK02,110,12,0,0
2022,PAL SPE.,MIR_GRP,CFK02,110,12,0,0
2022,PEY SPE.,MIR_GRP,CFK02,110,12,0,0
2022,POR ASTR,MIR_GRP,CFK02,110,12,0.02218,0.04191
2022,POR DIVA,MIR_GRP,CFK02,110,12,0,0
2022,POR PORI,MIR_GRP,CFK02,110,12,0.005,0.02007
2022,POR SPE.,MIR_GRP,CFK02,110,12,0,0
2022,PSE CLIV,MIR_GRP,CFK02,110,12,8.3e-4,0.00821
2022,PSE STRI,MIR_GRP,CFK02,110,12,0,0
2022,RAM SPE.,MIR_GRP,CFK02,110,12,0.0235,0.04311
2022,RHO CRUS,MIR_GRP,CFK02,110,12,0.05749,0.06625
2022,SID RADI,MIR_GRP,CFK02,110,12,0.00167,0.01161
2022,SID SIDE,MIR_GRP,CFK02,110,12,0.07342,0.07423
2022,SOL BOUR,MIR_GRP,CFK02,110,12,8.3e-4,0.00821
2022,SOL SPE.,MIR_GRP,CFK02,110,12,0,0
2022,SPO OTHE,MIR_GRP,CFK02,110,12,0.00582,0.02165
2022,STE INTE,MIR_GRP,CFK02,110,12,0.00833,0.02587
2022,TUR FREE,MIR_GRP,CFK02,110,12,0.09295,0.08263
2022,TUR SEDI,MIR_GRP,CFK02,110,12,0.03583,0.0529
2024,ACR CERV,MIR_GRP,CFK02,110,12,0,0
2024,ACR PALM,MIR_GRP,CFK02,110,12,0,0
2024,AGA AGAR,MIR_GRP,CFK02,110,12,0,0
2024,AGA HUMI,MIR_GRP,CFK02,110,12,0,0
2024,AGA LAMA,MIR_GRP,CFK02,110,12,0,0
2024,AGA SPE.,MIR_GRP,CFK02,110,12,0,0
2024,BAR SUB.,MIR_GRP,CFK02,110,12,0.15167,0.10208
2024,CLI SPE.,MIR_GRP,CFK02,110,12,8.3e-4,0.00821
2024,COL NATA,MIR_GRP,CFK02,110,12,0.00583,0.02167
2024,CYA SPE.,MIR_GRP,CFK02,110,12,0.00833,0.02587
2024,DIC SPE.,MIR_GRP,CFK02,110,12,0.01917,0.03902
2024,DIC STOK,MIR_GRP,CFK02,110,12,0,0
2024,DIP LABY,MIR_GRP,CFK02,110,12,0.00167,0.01161
2024,DIP SPE.,MIR_GRP,CFK02,110,12,0,0
2024,EUS FAST,MIR_GRP,CFK02,110,12,0,0
2024,GOR ENCR,MIR_GRP,CFK02,110,12,0.00167,0.01161
2024,GOR GORG,MIR_GRP,CFK02,110,12,8.3e-4,0.00821
2024,HAL SPE.,MIR_GRP,CFK02,110,12,0.16583,0.10585
2024,HEL CUCU,MIR_GRP,CFK02,110,12,0,0
2024,ISO SINU,MIR_GRP,CFK02,110,12,0,0
2024,LOB SPE.,MIR_GRP,CFK02,110,12,8.3e-4,0.00821
2024,MAC CALC,MIR_GRP,CFK02,110,12,0,0
2024,MAC FLES,MIR_GRP,CFK02,110,12,0.10083,0.08569
2024,MAD DECA,MIR_GRP,CFK02,110,12,0,0
2024,MAG SPE.,MIR_GRP,CFK02,110,12,0.01917,0.03902
2024,MAN AREO,MIR_GRP,CFK02,110,12,0,0
2024,MEA MEAN,MIR_GRP,CFK02,110,12,0,0
2024,MIL SPE.,MIR_GRP,CFK02,110,12,0,0
2024,MON CAVE,MIR_GRP,CFK02,110,12,0.01833,0.03818
2024,MYC ALIC,MIR_GRP,CFK02,110,12,0,0
2024,ORB ANCX,MIR_GRP,CFK02,110,12,0,0
2024,ORB ANNU,MIR_GRP,CFK02,110,12,0.00917,0.02712
2024,ORB FAVE,MIR_GRP,CFK02,110,12,0.06917,0.07221
2024,ORB FRAN,MIR_GRP,CFK02,110,12,0,0
2024,OTH CORA,MIR_GRP,CFK02,110,12,0,0
2024,OTH SPE.,MIR_GRP,CFK02,110,12,0,0
2024,PAL SPE.,MIR_GRP,CFK02,110,12,0,0
2024,PEY SPE.,MIR_GRP,CFK02,110,12,0.01333,0.03264
2024,POR ASTR,MIR_GRP,CFK02,110,12,0.00417,0.01833
2024,POR DIVA,MIR_GRP,CFK02,110,12,0,0
2024,POR PORI,MIR_GRP,CFK02,110,12,8.3e-4,0.00821
2024,POR SPE.,MIR_GRP,CFK02,110,12,0,0
2024,PSE CLIV,MIR_GRP,CFK02,110,12,0,0
2024,PSE STRI,MIR_GRP,CFK02,110,12,0,0
2024,RAM SPE.,MIR_GRP,CFK02,110,12,0.00333,0.0164
2024,RHO CRUS,MIR_GRP,CFK02,110,12,0.00833,0.02587
2024,SID RADI,MIR_GRP,CFK02,110,12,0.00417,0.01833
2024,SID SIDE,MIR_GRP,CFK02,110,12,0.08417,0.07901
2024,SOL BOUR,MIR_GRP,CFK02,110,12,0,0
2024,SOL SPE.,MIR_GRP,CFK02,110,12,0,0
2024,SPO OTHE,MIR_GRP,CFK02,110,12,0.00917,0.02712
2024,STE INTE,MIR_GRP,CFK02,110,12,0.00583,0.02167
2024,TUR FREE,MIR_GRP,CFK02,110,12,0.14,0.09875
2024,TUR SEDI,MIR_GRP,CFK02,110,12,0.15333,0.10254
2022,ACR CERV,MIR_GRP,CFK03,78,7,0,0
2022,ACR PALM,MIR_GRP,CFK03,78,7,0.00143,0.01471
2022,AGA AGAR,MIR_GRP,CFK03,78,7,0.00429,0.02544
2022,AGA HUMI,MIR_GRP,CFK03,78,7,0,0
2022,AGA LAMA,MIR_GRP,CFK03,78,7,0,0
2022,AGA SPE.,MIR_GRP,CFK03,78,7,0,0
2022,BAR SUB.,MIR_GRP,CFK03,78,7,0.00429,0.02544
2022,CLI SPE.,MIR_GRP,CFK03,78,7,0,0
2022,COL NATA,MIR_GRP,CFK03,78,7,0,0
2022,CYA SPE.,MIR_GRP,CFK03,78,7,0,0
2022,DIC SPE.,MIR_GRP,CFK03,78,7,0.11,0.12187
2022,DIC STOK,MIR_GRP,CFK03,78,7,0,0
2022,DIP LABY,MIR_GRP,CFK03,78,7,0,0
2022,DIP SPE.,MIR_GRP,CFK03,78,7,0,0
2022,EUS FAST,MIR_GRP,CFK03,78,7,0,0
2022,GOR ENCR,MIR_GRP,CFK03,78,7,0.00571,0.02936
2022,GOR GORG,MIR_GRP,CFK03,78,7,0.02143,0.0564
2022,HAL SPE.,MIR_GRP,CFK03,78,7,0.05571,0.08934
2022,HEL CUCU,MIR_GRP,CFK03,78,7,0,0
2022,ISO SINU,MIR_GRP,CFK03,78,7,0,0
2022,LOB SPE.,MIR_GRP,CFK03,78,7,0,0
2022,MAC CALC,MIR_GRP,CFK03,78,7,0,0
2022,MAC FLES,MIR_GRP,CFK03,78,7,0.00143,0.01471
2022,MAD DECA,MIR_GRP,CFK03,78,7,0,0
2022,MAG SPE.,MIR_GRP,CFK03,78,7,0,0
2022,MAN AREO,MIR_GRP,CFK03,78,7,0,0
2022,MEA MEAN,MIR_GRP,CFK03,78,7,0,0
2022,MIL SPE.,MIR_GRP,CFK03,78,7,0.00714,0.0328
2022,MON CAVE,MIR_GRP,CFK03,78,7,0,0
2022,MYC ALIC,MIR_GRP,CFK03,78,7,0,0
2022,ORB ANCX,MIR_GRP,CFK03,78,7,0,0
2022,ORB ANNU,MIR_GRP,CFK03,78,7,0.03571,0.07228
2022,ORB FAVE,MIR_GRP,CFK03,78,7,0.02714,0.06329
2022,ORB FRAN,MIR_GRP,CFK03,78,7,0,0
2022,OTH CORA,MIR_GRP,CFK03,78,7,0,0
2022,OTH SPE.,MIR_GRP,CFK03,78,7,0,0
2022,PAL SPE.,MIR_GRP,CFK03,78,7,0.01286,0.04388
2022,PEY SPE.,MIR_GRP,CFK03,78,7,0.00143,0.01471
2022,POR ASTR,MIR_GRP,CFK03,78,7,0.00857,0.03591
2022,POR DIVA,MIR_GRP,CFK03,78,7,0,0
2022,POR PORI,MIR_GRP,CFK03,78,7,0.00286,0.02079
2022,POR SPE.,MIR_GRP,CFK03,78,7,0,0
2022,PSE CLIV,MIR_GRP,CFK03,78,7,0,0
2022,PSE STRI,MIR_GRP,CFK03,78,7,0,0
2022,RAM SPE.,MIR_GRP,CFK03,78,7,0.00143,0.01471
2022,RHO CRUS,MIR_GRP,CFK03,78,7,0.00857,0.03591
2022,SID RADI,MIR_GRP,CFK03,78,7,0,0
2022,SID SIDE,MIR_GRP,CFK03,78,7,0,0
2022,SOL BOUR,MIR_GRP,CFK03,78,7,0,0
2022,SOL SPE.,MIR_GRP,CFK03,78,7,0,0
2022,SPO OTHE,MIR_GRP,CFK03,78,7,0.00571,0.02936
2022,STE INTE,MIR_GRP,CFK03,78,7,0,0
2022,TUR FREE,MIR_GRP,CFK03,78,7,0.49857,0.19475
2022,TUR SEDI,MIR_GRP,CFK03,78,7,0.18571,0.15147
2024,ACR CERV,MIR_GRP,CFK03,78,8,0,0
2024,ACR PALM,MIR_GRP,CFK03,78,8,0,0
2024,AGA AGAR,MIR_GRP,CFK03,78,8,0,0
2024,AGA HUMI,MIR_GRP,CFK03,78,8,0,0
2024,AGA LAMA,MIR_GRP,CFK03,78,8,0,0
2024,AGA SPE.,MIR_GRP,CFK03,78,8,0,0
2024,BAR SUB.,MIR_GRP,CFK03,78,8,0.03625,0.06693
2024,CLI SPE.,MIR_GRP,CFK03,78,8,0,0
2024,COL NATA,MIR_GRP,CFK03,78,8,0,0
2024,CYA SPE.,MIR_GRP,CFK03,78,8,0.005,0.02526
2024,DIC SPE.,MIR_GRP,CFK03,78,8,0.14375,0.12562
2024,DIC STOK,MIR_GRP,CFK03,78,8,0,0
2024,DIP LABY,MIR_GRP,CFK03,78,8,0,0
2024,DIP SPE.,MIR_GRP,CFK03,78,8,0,0
2024,EUS FAST,MIR_GRP,CFK03,78,8,0.00125,0.01265
2024,GOR ENCR,MIR_GRP,CFK03,78,8,0.00125,0.01265
2024,GOR GORG,MIR_GRP,CFK03,78,8,0.05375,0.08075
2024,HAL SPE.,MIR_GRP,CFK03,78,8,0.03125,0.0623
2024,HEL CUCU,MIR_GRP,CFK03,78,8,0,0
2024,ISO SINU,MIR_GRP,CFK03,78,8,0,0
2024,LOB SPE.,MIR_GRP,CFK03,78,8,0,0
2024,MAC CALC,MIR_GRP,CFK03,78,8,0.0075,0.03089
2024,MAC FLES,MIR_GRP,CFK03,78,8,0.04875,0.07711
2024,MAD DECA,MIR_GRP,CFK03,78,8,0,0
2024,MAG SPE.,MIR_GRP,CFK03,78,8,0,0
2024,MAN AREO,MIR_GRP,CFK03,78,8,0,0
2024,MEA MEAN,MIR_GRP,CFK03,78,8,0,0
2024,MIL SPE.,MIR_GRP,CFK03,78,8,0.0075,0.03089
2024,MON CAVE,MIR_GRP,CFK03,78,8,0,0
2024,MYC ALIC,MIR_GRP,CFK03,78,8,0,0
2024,ORB ANCX,MIR_GRP,CFK03,78,8,0,0
2024,ORB ANNU,MIR_GRP,CFK03,78,8,0,0
2024,ORB FAVE,MIR_GRP,CFK03,78,8,0.00375,0.02189
2024,ORB FRAN,MIR_GRP,CFK03,78,8,0,0
2024,OTH CORA,MIR_GRP,CFK03,78,8,0,0
2024,OTH SPE.,MIR_GRP,CFK03,78,8,0,0
2024,PAL SPE.,MIR_GRP,CFK03,78,8,0.025,0.0559
2024,PEY SPE.,MIR_GRP,CFK03,78,8,0.01,0.03563
2024,POR ASTR,MIR_GRP,CFK03,78,8,0.0225,0.0531
2024,POR DIVA,MIR_GRP,CFK03,78,8,0,0
2024,POR PORI,MIR_GRP,CFK03,78,8,0.00375,0.02189
2024,POR SPE.,MIR_GRP,CFK03,78,8,0,0
2024,PSE CLIV,MIR_GRP,CFK03,78,8,0,0
2024,PSE STRI,MIR_GRP,CFK03,78,8,0,0
2024,RAM SPE.,MIR_GRP,CFK03,78,8,0.00375,0.02189
2024,RHO CRUS,MIR_GRP,CFK03,78,8,0.0625,0.08667
2024,SID RADI,MIR_GRP,CFK03,78,8,0.00125,0.01265
2024,SID SIDE,MIR_GRP,CFK03,78,8,0.01125,0.03776
2024,SOL BOUR,MIR_GRP,CFK03,78,8,0,0
2024,SOL SPE.,MIR_GRP,CFK03,78,8,0,0
2024,SPO OTHE,MIR_GRP,CFK03,78,8,0.03125,0.0623
2024,STE INTE,MIR_GRP,CFK03,78,8,0,0
2024,TUR FREE,MIR_GRP,CFK03,78,8,0.23,0.15068
2024,TUR SEDI,MIR_GRP,CFK03,78,8,0.25875,0.15681
2024,ACR CERV,MIR_GRP,CFK04,77,3,0,0
2024,ACR PALM,MIR_GRP,CFK04,77,3,0,0
2024,AGA AGAR,MIR_GRP,CFK04,77,3,0,0
2024,AGA HUMI,MIR_GRP,CFK04,77,3,0,0
2024,AGA LAMA,MIR_GRP,CFK04,77,3,0,0
2024,AGA SPE.,MIR_GRP,CFK04,77,3,0,0
2024,BAR SUB.,MIR_GRP,CFK04,77,3,0.06,0.16462
2024,CLI SPE.,MIR_GRP,CFK04,77,3,0.00333,0.03995
2024,COL NATA,MIR_GRP,CFK04,77,3,0,0
2024,CYA SPE.,MIR_GRP,CFK04,77,3,0,0
2024,DIC SPE.,MIR_GRP,CFK04,77,3,0.21667,0.28558
2024,DIC STOK,MIR_GRP,CFK04,77,3,0,0
2024,DIP LABY,MIR_GRP,CFK04,77,3,0,0
2024,DIP SPE.,MIR_GRP,CFK04,77,3,0,0
2024,EUS FAST,MIR_GRP,CFK04,77,3,0,0
2024,GOR ENCR,MIR_GRP,CFK04,77,3,0.00333,0.03995
2024,GOR GORG,MIR_GRP,CFK04,77,3,0.00333,0.03995
2024,HAL SPE.,MIR_GRP,CFK04,77,3,0,0
2024,HEL CUCU,MIR_GRP,CFK04,77,3,0,0
2024,ISO SINU,MIR_GRP,CFK04,77,3,0,0
2024,LOB SPE.,MIR_GRP,CFK04,77,3,0,0
2024,MAC CALC,MIR_GRP,CFK04,77,3,0.00333,0.03995
2024,MAC FLES,MIR_GRP,CFK04,77,3,0.06333,0.16884
2024,MAD DECA,MIR_GRP,CFK04,77,3,0,0
2024,MAG SPE.,MIR_GRP,CFK04,77,3,0,0
2024,MAN AREO,MIR_GRP,CFK04,77,3,0,0
2024,MEA MEAN,MIR_GRP,CFK04,77,3,0,0
2024,MIL SPE.,MIR_GRP,CFK04,77,3,0,0
2024,MON CAVE,MIR_GRP,CFK04,77,3,0,0
2024,MYC ALIC,MIR_GRP,CFK04,77,3,0,0
2024,ORB ANCX,MIR_GRP,CFK04,77,3,0,0
2024,ORB ANNU,MIR_GRP,CFK04,77,3,0,0
2024,ORB FAVE,MIR_GRP,CFK04,77,3,0,0
2024,ORB FRAN,MIR_GRP,CFK04,77,3,0,0
2024,OTH CORA,MIR_GRP,CFK04,77,3,0,0
2024,OTH SPE.,MIR_GRP,CFK04,77,3,0.00667,0.05641
2024,PAL SPE.,MIR_GRP,CFK04,77,3,0,0
2024,PEY SPE.,MIR_GRP,CFK04,77,3,0.00333,0.03995
2024,POR ASTR,MIR_GRP,CFK04,77,3,0.00333,0.03995
2024,POR DIVA,MIR_GRP,CFK04,77,3,0,0
2024,POR PORI,MIR_GRP,CFK04,77,3,0.00333,0.03995
2024,POR SPE.,MIR_GRP,CFK04,77,3,0,0
2024,PSE CLIV,MIR_GRP,CFK04,77,3,0,0
2024,PSE STRI,MIR_GRP,CFK04,77,3,0,0
2024,RAM SPE.,MIR_GRP,CFK04,77,3,0,0
2024,RHO CRUS,MIR_GRP,CFK04,77,3,0.03333,0.12443
2024,SID RADI,MIR_GRP,CFK04,77,3,0,0
2024,SID SIDE,MIR_GRP,CFK04,77,3,0.00333,0.03995
2024,SOL BOUR,MIR_GRP,CFK04,77,3,0,0
2024,SOL SPE.,MIR_GRP,CFK04,77,3,0,0
2024,SPO OTHE,MIR_GRP,CFK04,77,3,0.02667,0.11168
2024,STE INTE,MIR_GRP,CFK04,77,3,0,0
2024,TUR FREE,MIR_GRP,CFK04,77,3,0,0
2024,TUR SEDI,MIR_GRP,CFK04,77,3,0.56667,0.3435
2022,ACR CERV,MIR_GRP,CFK05,202,24,0,0
2022,ACR PALM,MIR_GRP,CFK05,202,24,0.00167,0.00798
2022,AGA AGAR,MIR_GRP,CFK05,202,24,0.00375,0.01196
2022,AGA HUMI,MIR_GRP,CFK05,202,24,0,0
2022,AGA LAMA,MIR_GRP,CFK05,202,24,0,0
2022,AGA SPE.,MIR_GRP,CFK05,202,24,0,0
2022,BAR SUB.,MIR_GRP,CFK05,202,24,0.01375,0.02279
2022,CLI SPE.,MIR_GRP,CFK05,202,24,0.00208,0.00892
2022,COL NATA,MIR_GRP,CFK05,202,24,0,0
2022,CYA SPE.,MIR_GRP,CFK05,202,24,0.00375,0.01196
2022,DIC SPE.,MIR_GRP,CFK05,202,24,0.03375,0.03535
2022,DIC STOK,MIR_GRP,CFK05,202,24,4.2e-4,0.00399
2022,DIP LABY,MIR_GRP,CFK05,202,24,0,0
2022,DIP SPE.,MIR_GRP,CFK05,202,24,0,0
2022,EUS FAST,MIR_GRP,CFK05,202,24,0,0
2022,GOR ENCR,MIR_GRP,CFK05,202,24,0,0
2022,GOR GORG,MIR_GRP,CFK05,202,24,0.04083,0.03874
2022,HAL SPE.,MIR_GRP,CFK05,202,24,0.02583,0.03105
2022,HEL CUCU,MIR_GRP,CFK05,202,24,0,0
2022,ISO SINU,MIR_GRP,CFK05,202,24,0,0
2022,LOB SPE.,MIR_GRP,CFK05,202,24,0,0
2022,MAC CALC,MIR_GRP,CFK05,202,24,0,0
2022,MAC FLES,MIR_GRP,CFK05,202,24,0.00833,0.01779
2022,MAD DECA,MIR_GRP,CFK05,202,24,0,0
2022,MAG SPE.,MIR_GRP,CFK05,202,24,0,0
2022,MAN AREO,MIR_GRP,CFK05,202,24,0,0
2022,MEA MEAN,MIR_GRP,CFK05,202,24,0,0
2022,MIL SPE.,MIR_GRP,CFK05,202,24,0.02292,0.02929
2022,MON CAVE,MIR_GRP,CFK05,202,24,0,0
2022,MYC ALIC,MIR_GRP,CFK05,202,24,0,0
2022,ORB ANCX,MIR_GRP,CFK05,202,24,0,0
2022,ORB ANNU,MIR_GRP,CFK05,202,24,0,0
2022,ORB FAVE,MIR_GRP,CFK05,202,24,0.0075,0.01689
2022,ORB FRAN,MIR_GRP,CFK05,202,24,0,0
2022,OTH CORA,MIR_GRP,CFK05,202,24,0,0
2022,OTH SPE.,MIR_GRP,CFK05,202,24,0,0
2022,PAL SPE.,MIR_GRP,CFK05,202,24,0.09125,0.05636
2022,PEY SPE.,MIR_GRP,CFK05,202,24,0.0025,0.00977
2022,POR ASTR,MIR_GRP,CFK05,202,24,0.04625,0.04111
2022,POR DIVA,MIR_GRP,CFK05,202,24,0,0
2022,POR PORI,MIR_GRP,CFK05,202,24,0.00208,0.00892
2022,POR SPE.,MIR_GRP,CFK05,202,24,0,0
2022,PSE CLIV,MIR_GRP,CFK05,202,24,0,0
2022,PSE STRI,MIR_GRP,CFK05,202,24,0,0
2022,RAM SPE.,MIR_GRP,CFK05,202,24,0.02125,0.02823
2022,RHO CRUS,MIR_GRP,CFK05,202,24,0.01708,0.02536
2022,SID RADI,MIR_GRP,CFK05,202,24,8.3e-4,0.00565
2022,SID SIDE,MIR_GRP,CFK05,202,24,0.0025,0.00977
2022,SOL BOUR,MIR_GRP,CFK05,202,24,0,0
2022,SOL SPE.,MIR_GRP,CFK05,202,24,0,0
2022,SPO OTHE,MIR_GRP,CFK05,202,24,0.00208,0.00892
2022,STE INTE,MIR_GRP,CFK05,202,24,0,0
2022,TUR FREE,MIR_GRP,CFK05,202,24,0.51292,0.09784
2022,TUR SEDI,MIR_GRP,CFK05,202,24,0.095,0.05739
2024,ACR CERV,MIR_GRP,CFK05,202,33,3e-4,0.00281
2024,ACR PALM,MIR_GRP,CFK05,202,33,0,0
2024,AGA AGAR,MIR_GRP,CFK05,202,33,3e-4,0.00281
2024,AGA HUMI,MIR_GRP,CFK05,202,33,0,0
2024,AGA LAMA,MIR_GRP,CFK05,202,33,0,0
2024,AGA SPE.,MIR_GRP,CFK05,202,33,0.00152,0.00629
2024,BAR SUB.,MIR_GRP,CFK05,202,33,0.07364,0.04223
2024,CLI SPE.,MIR_GRP,CFK05,202,33,0.00303,0.00889
2024,COL NATA,MIR_GRP,CFK05,202,33,0,0
2024,CYA SPE.,MIR_GRP,CFK05,202,33,0.00727,0.01374
2024,DIC SPE.,MIR_GRP,CFK05,202,33,0.03,0.02758
2024,DIC STOK,MIR_GRP,CFK05,202,33,0,0
2024,DIP LABY,MIR_GRP,CFK05,202,33,0,0
2024,DIP SPE.,MIR_GRP,CFK05,202,33,0,0
2024,EUS FAST,MIR_GRP,CFK05,202,33,3e-4,0.00281
2024,GOR ENCR,MIR_GRP,CFK05,202,33,3e-4,0.00281
2024,GOR GORG,MIR_GRP,CFK05,202,33,0.02909,0.02717
2024,HAL SPE.,MIR_GRP,CFK05,202,33,0.02,0.02264
2024,HEL CUCU,MIR_GRP,CFK05,202,33,0,0
2024,ISO SINU,MIR_GRP,CFK05,202,33,0,0
2024,LOB SPE.,MIR_GRP,CFK05,202,33,0,0
2024,MAC CALC,MIR_GRP,CFK05,202,33,0.00455,0.01088
2024,MAC FLES,MIR_GRP,CFK05,202,33,0.08182,0.04432
2024,MAD DECA,MIR_GRP,CFK05,202,33,0,0
2024,MAG SPE.,MIR_GRP,CFK05,202,33,0,0
2024,MAN AREO,MIR_GRP,CFK05,202,33,0,0
2024,MEA MEAN,MIR_GRP,CFK05,202,33,0,0
2024,MIL SPE.,MIR_GRP,CFK05,202,33,0.00515,0.01158
2024,MON CAVE,MIR_GRP,CFK05,202,33,0,0
2024,MYC ALIC,MIR_GRP,CFK05,202,33,0,0
2024,ORB ANCX,MIR_GRP,CFK05,202,33,0,0
2024,ORB ANNU,MIR_GRP,CFK05,202,33,3e-4,0.00281
2024,ORB FAVE,MIR_GRP,CFK05,202,33,6.1e-4,0.00398
2024,ORB FRAN,MIR_GRP,CFK05,202,33,0,0
2024,OTH CORA,MIR_GRP,CFK05,202,33,0,0
2024,OTH SPE.,MIR_GRP,CFK05,202,33,0.00121,0.00563
2024,PAL SPE.,MIR_GRP,CFK05,202,33,0.06273,0.03921
2024,PEY SPE.,MIR_GRP,CFK05,202,33,0.02091,0.02314
2024,POR ASTR,MIR_GRP,CFK05,202,33,0.01485,0.01956
2024,POR DIVA,MIR_GRP,CFK05,202,33,0,0
2024,POR PORI,MIR_GRP,CFK05,202,33,6.1e-4,0.00398
2024,POR SPE.,MIR_GRP,CFK05,202,33,0,0
2024,PSE CLIV,MIR_GRP,CFK05,202,33,0,0
2024,PSE STRI,MIR_GRP,CFK05,202,33,0,0
2024,RAM SPE.,MIR_GRP,CFK05,202,33,0.00212,0.0074400000000000004
2024,RHO CRUS,MIR_GRP,CFK05,202,33,0.05939,0.03822
2024,SID RADI,MIR_GRP,CFK05,202,33,6.1e-4,0.00398
2024,SID SIDE,MIR_GRP,CFK05,202,33,0.00545,0.01191
2024,SOL BOUR,MIR_GRP,CFK05,202,33,0,0
2024,SOL SPE.,MIR_GRP,CFK05,202,33,0,0
2024,SPO OTHE,MIR_GRP,CFK05,202,33,0.00879,0.01509
2024,STE INTE,MIR_GRP,CFK05,202,33,0,0
2024,TUR FREE,MIR_GRP,CFK05,202,33,0.20273,0.06501
2024,TUR SEDI,MIR_GRP,CFK05,202,33,0.36242,0.07773
2022,ACR CERV,MIR_GRP,CFK06,109,4,0,0
2022,ACR PALM,MIR_GRP,CFK06,109,4,0,0
2022,AGA AGAR,MIR_GRP,CFK06,109,4,0.005,0.03997
2022,AGA HUMI,MIR_GRP,CFK06,109,4,0,0
2022,AGA LAMA,MIR_GRP,CFK06,109,4,0,0
2022,AGA SPE.,MIR_GRP,CFK06,109,4,0,0
2022,BAR SUB.,MIR_GRP,CFK06,109,4,0.1075,0.17552
2022,CLI SPE.,MIR_GRP,CFK06,109,4,0,0
2022,COL NATA,MIR_GRP,CFK06,109,4,0,0
2022,CYA SPE.,MIR_GRP,CFK06,109,4,0,0
2022,DIC SPE.,MIR_GRP,CFK06,109,4,0.165,0.21033
2022,DIC STOK,MIR_GRP,CFK06,109,4,0,0
2022,DIP LABY,MIR_GRP,CFK06,109,4,0,0
2022,DIP SPE.,MIR_GRP,CFK06,109,4,0,0
2022,EUS FAST,MIR_GRP,CFK06,109,4,0.0025,0.0283
2022,GOR ENCR,MIR_GRP,CFK06,109,4,0,0
2022,GOR GORG,MIR_GRP,CFK06,109,4,0.02,0.07933
2022,HAL SPE.,MIR_GRP,CFK06,109,4,0.0075,0.04889
2022,HEL CUCU,MIR_GRP,CFK06,109,4,0,0
2022,ISO SINU,MIR_GRP,CFK06,109,4,0,0
2022,LOB SPE.,MIR_GRP,CFK06,109,4,0,0
2022,MAC CALC,MIR_GRP,CFK06,109,4,0,0
2022,MAC FLES,MIR_GRP,CFK06,109,4,0.0025,0.0283
2022,MAD DECA,MIR_GRP,CFK06,109,4,0,0
2022,MAG SPE.,MIR_GRP,CFK06,109,4,0,0
2022,MAN AREO,MIR_GRP,CFK06,109,4,0,0
2022,MEA MEAN,MIR_GRP,CFK06,109,4,0,0
2022,MIL SPE.,MIR_GRP,CFK06,109,4,0.0025,0.0283
2022,MON CAVE,MIR_GRP,CFK06,109,4,0.0025,0.0283
2022,MYC ALIC,MIR_GRP,CFK06,109,4,0,0
2022,ORB ANCX,MIR_GRP,CFK06,109,4,0,0
2022,ORB ANNU,MIR_GRP,CFK06,109,4,0,0
2022,ORB FAVE,MIR_GRP,CFK06,109,4,0,0
2022,ORB FRAN,MIR_GRP,CFK06,109,4,0,0
2022,OTH CORA,MIR_GRP,CFK06,109,4,0,0
2022,OTH SPE.,MIR_GRP,CFK06,109,4,0,0
2022,PAL SPE.,MIR_GRP,CFK06,109,4,0.01,0.05638
2022,PEY SPE.,MIR_GRP,CFK06,109,4,0,0
2022,POR ASTR,MIR_GRP,CFK06,109,4,0.0025,0.0283
2022,POR DIVA,MIR_GRP,CFK06,109,4,0,0
2022,POR PORI,MIR_GRP,CFK06,109,4,0.01,0.05638
2022,POR SPE.,MIR_GRP,CFK06,109,4,0,0
2022,PSE CLIV,MIR_GRP,CFK06,109,4,0,0
2022,PSE STRI,MIR_GRP,CFK06,109,4,0.0025,0.0283
2022,RAM SPE.,MIR_GRP,CFK06,109,4,0.0025,0.0283
2022,RHO CRUS,MIR_GRP,CFK06,109,4,0.0025,0.0283
2022,SID RADI,MIR_GRP,CFK06,109,4,0,0
2022,SID SIDE,MIR_GRP,CFK06,109,4,0.01,0.05638
2022,SOL BOUR,MIR_GRP,CFK06,109,4,0,0
2022,SOL SPE.,MIR_GRP,CFK06,109,4,0,0
2022,SPO OTHE,MIR_GRP,CFK06,109,4,0.01,0.05638
2022,STE INTE,MIR_GRP,CFK06,109,4,0.0025,0.0283
2022,TUR FREE,MIR_GRP,CFK06,109,4,0.4575,0.2823
2022,TUR SEDI,MIR_GRP,CFK06,109,4,0.175,0.21531
2024,ACR CERV,MIR_GRP,CFK06,109,9,0,0
2024,ACR PALM,MIR_GRP,CFK06,109,9,0,0
2024,AGA AGAR,MIR_GRP,CFK06,109,9,0,0
2024,AGA HUMI,MIR_GRP,CFK06,109,9,0,0
2024,AGA LAMA,MIR_GRP,CFK06,109,9,0,0
2024,AGA SPE.,MIR_GRP,CFK06,109,9,0,0
2024,BAR SUB.,MIR_GRP,CFK06,109,9,0.11,0.10596
2024,CLI SPE.,MIR_GRP,CFK06,109,9,0,0
2024,COL NATA,MIR_GRP,CFK06,109,9,0,0
2024,CYA SPE.,MIR_GRP,CFK06,109,9,0.00111,0.01128
2024,DIC SPE.,MIR_GRP,CFK06,109,9,0.08444,0.09416
2024,DIC STOK,MIR_GRP,CFK06,109,9,0,0
2024,DIP LABY,MIR_GRP,CFK06,109,9,0.00111,0.01128
2024,DIP SPE.,MIR_GRP,CFK06,109,9,0.00111,0.01128
2024,EUS FAST,MIR_GRP,CFK06,109,9,0,0
2024,GOR ENCR,MIR_GRP,CFK06,109,9,0,0
2024,GOR GORG,MIR_GRP,CFK06,109,9,0.01667,0.04335
2024,HAL SPE.,MIR_GRP,CFK06,109,9,0.00889,0.03179
2024,HEL CUCU,MIR_GRP,CFK06,109,9,0,0
2024,ISO SINU,MIR_GRP,CFK06,109,9,0,0
2024,LOB SPE.,MIR_GRP,CFK06,109,9,0,0
2024,MAC CALC,MIR_GRP,CFK06,109,9,0,0
2024,MAC FLES,MIR_GRP,CFK06,109,9,0.01333,0.03884
2024,MAD DECA,MIR_GRP,CFK06,109,9,0,0
2024,MAG SPE.,MIR_GRP,CFK06,109,9,0,0
2024,MAN AREO,MIR_GRP,CFK06,109,9,0,0
2024,MEA MEAN,MIR_GRP,CFK06,109,9,0,0
2024,MIL SPE.,MIR_GRP,CFK06,109,9,0.00444,0.02253
2024,MON CAVE,MIR_GRP,CFK06,109,9,0.00111,0.01128
2024,MYC ALIC,MIR_GRP,CFK06,109,9,0,0
2024,ORB ANCX,MIR_GRP,CFK06,109,9,0,0
2024,ORB ANNU,MIR_GRP,CFK06,109,9,0,0
2024,ORB FAVE,MIR_GRP,CFK06,109,9,0,0
2024,ORB FRAN,MIR_GRP,CFK06,109,9,0,0
2024,OTH CORA,MIR_GRP,CFK06,109,9,0,0
2024,OTH SPE.,MIR_GRP,CFK06,109,9,0,0
2024,PAL SPE.,MIR_GRP,CFK06,109,9,0.00778,0.02975
2024,PEY SPE.,MIR_GRP,CFK06,109,9,0.00111,0.01128
2024,POR ASTR,MIR_GRP,CFK06,109,9,0,0
2024,POR DIVA,MIR_GRP,CFK06,109,9,0,0
2024,POR PORI,MIR_GRP,CFK06,109,9,0,0
2024,POR SPE.,MIR_GRP,CFK06,109,9,0,0
2024,PSE CLIV,MIR_GRP,CFK06,109,9,0,0
2024,PSE STRI,MIR_GRP,CFK06,109,9,0,0
2024,RAM SPE.,MIR_GRP,CFK06,109,9,0,0
2024,RHO CRUS,MIR_GRP,CFK06,109,9,0.01333,0.03884
2024,SID RADI,MIR_GRP,CFK06,109,9,0,0
2024,SID SIDE,MIR_GRP,CFK06,109,9,0.00222,0.01595
2024,SOL BOUR,MIR_GRP,CFK06,109,9,0,0
2024,SOL SPE.,MIR_GRP,CFK06,109,9,0,0
2024,SPO OTHE,MIR_GRP,CFK06,109,9,0.01333,0.03884
2024,STE INTE,MIR_GRP,CFK06,109,9,0,0
2024,TUR FREE,MIR_GRP,CFK06,109,9,0.02667,0.05456
2024,TUR SEDI,MIR_GRP,CFK06,109,9,0.69333,0.15615
2022,ACR CERV,MIR_GRP,CFK07,339,32,0.0075,0.01475
2022,ACR PALM,MIR_GRP,CFK07,339,32,9.4e-4,0.00523
2022,AGA AGAR,MIR_GRP,CFK07,339,32,0.01562,0.0212
2022,AGA HUMI,MIR_GRP,CFK07,339,32,0,0
2022,AGA LAMA,MIR_GRP,CFK07,339,32,0,0
2022,AGA SPE.,MIR_GRP,CFK07,339,32,0,0
2022,BAR SUB.,MIR_GRP,CFK07,339,32,0.05125,0.03769
2022,CLI SPE.,MIR_GRP,CFK07,339,32,0.00125,0.00604
2022,COL NATA,MIR_GRP,CFK07,339,32,0,0
2022,CYA SPE.,MIR_GRP,CFK07,339,32,0,0
2022,DIC SPE.,MIR_GRP,CFK07,339,32,0.25719,0.07471
2022,DIC STOK,MIR_GRP,CFK07,339,32,6.2e-4,0.00427
2022,DIP LABY,MIR_GRP,CFK07,339,32,0.00125,0.00604
2022,DIP SPE.,MIR_GRP,CFK07,339,32,0,0
2022,EUS FAST,MIR_GRP,CFK07,339,32,0,0
2022,GOR ENCR,MIR_GRP,CFK07,339,32,0.00969,0.01674
2022,GOR GORG,MIR_GRP,CFK07,339,32,0.02688,0.02764
2022,HAL SPE.,MIR_GRP,CFK07,339,32,0.02563,0.02701
2022,HEL CUCU,MIR_GRP,CFK07,339,32,0,0
2022,ISO SINU,MIR_GRP,CFK07,339,32,0,0
2022,LOB SPE.,MIR_GRP,CFK07,339,32,3.1e-4,0.00302
2022,MAC CALC,MIR_GRP,CFK07,339,32,0,0
2022,MAC FLES,MIR_GRP,CFK07,339,32,0.00281,0.00905
2022,MAD DECA,MIR_GRP,CFK07,339,32,0,0
2022,MAG SPE.,MIR_GRP,CFK07,339,32,0,0
2022,MAN AREO,MIR_GRP,CFK07,339,32,0,0
2022,MEA MEAN,MIR_GRP,CFK07,339,32,0,0
2022,MIL SPE.,MIR_GRP,CFK07,339,32,0.01094,0.01778
2022,MON CAVE,MIR_GRP,CFK07,339,32,0.00125,0.00604
2022,MYC ALIC,MIR_GRP,CFK07,339,32,0,0
2022,ORB ANCX,MIR_GRP,CFK07,339,32,0,0
2022,ORB ANNU,MIR_GRP,CFK07,339,32,0,0
2022,ORB FAVE,MIR_GRP,CFK07,339,32,0.01219,0.01875
2022,ORB FRAN,MIR_GRP,CFK07,339,32,0,0
2022,OTH CORA,MIR_GRP,CFK07,339,32,0,0
2022,OTH SPE.,MIR_GRP,CFK07,339,32,0,0
2022,PAL SPE.,MIR_GRP,CFK07,339,32,0.03344,0.03073
2022,PEY SPE.,MIR_GRP,CFK07,339,32,0.00125,0.00604
2022,POR ASTR,MIR_GRP,CFK07,339,32,0.01188,0.01851
2022,POR DIVA,MIR_GRP,CFK07,339,32,0,0
2022,POR PORI,MIR_GRP,CFK07,339,32,0.00875,0.01592
2022,POR SPE.,MIR_GRP,CFK07,339,32,0,0
2022,PSE CLIV,MIR_GRP,CFK07,339,32,0,0
2022,PSE STRI,MIR_GRP,CFK07,339,32,0,0
2022,RAM SPE.,MIR_GRP,CFK07,339,32,0.00344,0.01
2022,RHO CRUS,MIR_GRP,CFK07,339,32,0.00781,0.01505
2022,SID RADI,MIR_GRP,CFK07,339,32,0.00156,0.00675
2022,SID SIDE,MIR_GRP,CFK07,339,32,0.00844,0.01563
2022,SOL BOUR,MIR_GRP,CFK07,339,32,0,0
2022,SOL SPE.,MIR_GRP,CFK07,339,32,0,0
2022,SPO OTHE,MIR_GRP,CFK07,339,32,0.02,0.02393
2022,STE INTE,MIR_GRP,CFK07,339,32,0.00312,0.00954
2022,TUR FREE,MIR_GRP,CFK07,339,32,0.3375,0.08082
2022,TUR SEDI,MIR_GRP,CFK07,339,32,0.1375,0.05886
2024,ACR CERV,MIR_GRP,CFK07,339,28,0,0
2024,ACR PALM,MIR_GRP,CFK07,339,28,0,0
2024,AGA AGAR,MIR_GRP,CFK07,339,28,7.1e-4,0.00492
2024,AGA HUMI,MIR_GRP,CFK07,339,28,0,0
2024,AGA LAMA,MIR_GRP,CFK07,339,28,0,0
2024,AGA SPE.,MIR_GRP,CFK07,339,28,0,0
2024,BAR SUB.,MIR_GRP,CFK07,339,28,0.13786,0.06355
2024,CLI SPE.,MIR_GRP,CFK07,339,28,3.6e-4,0.00348
2024,COL NATA,MIR_GRP,CFK07,339,28,0,0
2024,CYA SPE.,MIR_GRP,CFK07,339,28,0.00429,0.01204
2024,DIC SPE.,MIR_GRP,CFK07,339,28,0.15107,0.06601
2024,DIC STOK,MIR_GRP,CFK07,339,28,0,0
2024,DIP LABY,MIR_GRP,CFK07,339,28,3.6e-4,0.00348
2024,DIP SPE.,MIR_GRP,CFK07,339,28,0,0
2024,EUS FAST,MIR_GRP,CFK07,339,28,3.6e-4,0.00348
2024,GOR ENCR,MIR_GRP,CFK07,339,28,0.00536,0.01346
2024,GOR GORG,MIR_GRP,CFK07,339,28,0.02679,0.029760000000000002
2024,HAL SPE.,MIR_GRP,CFK07,339,28,0.01036,0.01866
2024,HEL CUCU,MIR_GRP,CFK07,339,28,0,0
2024,ISO SINU,MIR_GRP,CFK07,339,28,0,0
2024,LOB SPE.,MIR_GRP,CFK07,339,28,0,0
2024,MAC CALC,MIR_GRP,CFK07,339,28,0.00214,0.00852
2024,MAC FLES,MIR_GRP,CFK07,339,28,0.05036,0.04031
2024,MAD DECA,MIR_GRP,CFK07,339,28,0,0
2024,MAG SPE.,MIR_GRP,CFK07,339,28,0,0
2024,MAN AREO,MIR_GRP,CFK07,339,28,0,0
2024,MEA MEAN,MIR_GRP,CFK07,339,28,0,0
2024,MIL SPE.,MIR_GRP,CFK07,339,28,0.00571,0.01389
2024,MON CAVE,MIR_GRP,CFK07,339,28,0.00179,0.00778
2024,MYC ALIC,MIR_GRP,CFK07,339,28,0,0
2024,ORB ANCX,MIR_GRP,CFK07,339,28,0,0
2024,ORB ANNU,MIR_GRP,CFK07,339,28,0,0
2024,ORB FAVE,MIR_GRP,CFK07,339,28,7.1e-4,0.00492
2024,ORB FRAN,MIR_GRP,CFK07,339,28,0,0
2024,OTH CORA,MIR_GRP,CFK07,339,28,0,0
2024,OTH SPE.,MIR_GRP,CFK07,339,28,0.00143,0.00696
2024,PAL SPE.,MIR_GRP,CFK07,339,28,0.01714,0.02393
2024,PEY SPE.,MIR_GRP,CFK07,339,28,0.00643,0.01473
2024,POR ASTR,MIR_GRP,CFK07,339,28,0.00286,0.00984
2024,POR DIVA,MIR_GRP,CFK07,339,28,0,0
2024,POR PORI,MIR_GRP,CFK07,339,28,0.00214,0.00852
2024,POR SPE.,MIR_GRP,CFK07,339,28,0,0
2024,PSE CLIV,MIR_GRP,CFK07,339,28,0,0
2024,PSE STRI,MIR_GRP,CFK07,339,28,0,0
2024,RAM SPE.,MIR_GRP,CFK07,339,28,0,0
2024,RHO CRUS,MIR_GRP,CFK07,339,28,0.04429,0.03792
2024,SID RADI,MIR_GRP,CFK07,339,28,0.00179,0.00778
2024,SID SIDE,MIR_GRP,CFK07,339,28,0.0075,0.0159
2024,SOL BOUR,MIR_GRP,CFK07,339,28,0,0
2024,SOL SPE.,MIR_GRP,CFK07,339,28,0,0
2024,SPO OTHE,MIR_GRP,CFK07,339,28,0.02571,0.02918
2024,STE INTE,MIR_GRP,CFK07,339,28,0,0
2024,TUR FREE,MIR_GRP,CFK07,339,28,0.07679,0.04908
2024,TUR SEDI,MIR_GRP,CFK07,339,28,0.41571,0.09085
2022,ACR CERV,NCRMP_GRP,CFK01,4718,10,0,0
2022,ACR PALM,NCRMP_GRP,CFK01,4718,10,0,0
2022,AGA AGAR,NCRMP_GRP,CFK01,4718,10,0,0
2022,AGA HUMI,NCRMP_GRP,CFK01,4718,10,0,0
2022,AGA LAMA,NCRMP_GRP,CFK01,4718,10,0,0
2022,AGA SPE.,NCRMP_GRP,CFK01,4718,10,0,0
2022,BAR SUB.,NCRMP_GRP,CFK01,4718,10,0.293,0.15155
2022,CLI SPE.,NCRMP_GRP,CFK01,4718,10,0,0
2022,COL NATA,NCRMP_GRP,CFK01,4718,10,0,0
2022,CYA SPE.,NCRMP_GRP,CFK01,4718,10,0.009,0.03145
2022,DIC SPE.,NCRMP_GRP,CFK01,4718,10,0.013,0.03772
2022,DIC STOK,NCRMP_GRP,CFK01,4718,10,0,0
2022,DIP LABY,NCRMP_GRP,CFK01,4718,10,0,0
2022,DIP SPE.,NCRMP_GRP,CFK01,4718,10,0,0
2022,EUS FAST,NCRMP_GRP,CFK01,4718,10,0,0
2022,GOR ENCR,NCRMP_GRP,CFK01,4718,10,0.005,0.02349
2022,GOR GORG,NCRMP_GRP,CFK01,4718,10,0.019,0.04546
2022,HAL SPE.,NCRMP_GRP,CFK01,4718,10,0.029,0.05588
2022,HEL CUCU,NCRMP_GRP,CFK01,4718,10,0,0
2022,ISO SINU,NCRMP_GRP,CFK01,4718,10,0,0
2022,LOB SPE.,NCRMP_GRP,CFK01,4718,10,0,0
2022,MAC CALC,NCRMP_GRP,CFK01,4718,10,0.028,0.05493
2022,MAC FLES,NCRMP_GRP,CFK01,4718,10,0.207,0.13491
2022,MAD DECA,NCRMP_GRP,CFK01,4718,10,0,0
2022,MAG SPE.,NCRMP_GRP,CFK01,4718,10,0.064,0.0815
2022,MAN AREO,NCRMP_GRP,CFK01,4718,10,0,0
2022,MEA MEAN,NCRMP_GRP,CFK01,4718,10,0,0
2022,MIL SPE.,NCRMP_GRP,CFK01,4718,10,0,0
2022,MON CAVE,NCRMP_GRP,CFK01,4718,10,0,0
2022,MYC ALIC,NCRMP_GRP,CFK01,4718,10,0,0
2022,ORB ANCX,NCRMP_GRP,CFK01,4718,10,0,0
2022,ORB ANNU,NCRMP_GRP,CFK01,4718,10,0,0
2022,ORB FAVE,NCRMP_GRP,CFK01,4718,10,0,0
2022,ORB FRAN,NCRMP_GRP,CFK01,4718,10,0,0
2022,OTH CORA,NCRMP_GRP,CFK01,4718,10,0,0
2022,OTH SPE.,NCRMP_GRP,CFK01,4718,10,0,0
2022,PAL SPE.,NCRMP_GRP,CFK01,4718,10,0,0
2022,PEY SPE.,NCRMP_GRP,CFK01,4718,10,0,0
2022,POR ASTR,NCRMP_GRP,CFK01,4718,10,0,0
2022,POR DIVA,NCRMP_GRP,CFK01,4718,10,0,0
2022,POR PORI,NCRMP_GRP,CFK01,4718,10,0.003,0.01821
2022,POR SPE.,NCRMP_GRP,CFK01,4718,10,0,0
2022,PSE CLIV,NCRMP_GRP,CFK01,4718,10,0,0
2022,PSE STRI,NCRMP_GRP,CFK01,4718,10,0,0
2022,RAM SPE.,NCRMP_GRP,CFK01,4718,10,0,0
2022,RHO CRUS,NCRMP_GRP,CFK01,4718,10,0.001,0.01052
2022,SID RADI,NCRMP_GRP,CFK01,4718,10,0.001,0.01052
2022,SID SIDE,NCRMP_GRP,CFK01,4718,10,0.002,0.014880000000000001
2022,SOL BOUR,NCRMP_GRP,CFK01,4718,10,0.001,0.01052
2022,SOL SPE.,NCRMP_GRP,CFK01,4718,10,0,0
2022,SPO OTHE,NCRMP_GRP,CFK01,4718,10,0.047,0.07047
2022,STE INTE,NCRMP_GRP,CFK01,4718,10,0.002,0.014880000000000001
2022,TUR FREE,NCRMP_GRP,CFK01,4718,10,0,0
2022,TUR SEDI,NCRMP_GRP,CFK01,4718,10,0.276,0.14885
2024,ACR CERV,NCRMP_GRP,CFK01,4718,9,0,0
2024,ACR PALM,NCRMP_GRP,CFK01,4718,9,0,0
2024,AGA AGAR,NCRMP_GRP,CFK01,4718,9,0,0
2024,AGA HUMI,NCRMP_GRP,CFK01,4718,9,0,0
2024,AGA LAMA,NCRMP_GRP,CFK01,4718,9,0,0
2024,AGA SPE.,NCRMP_GRP,CFK01,4718,9,0,0
2024,BAR SUB.,NCRMP_GRP,CFK01,4718,9,0.26778,0.1564
2024,CLI SPE.,NCRMP_GRP,CFK01,4718,9,0,0
2024,COL NATA,NCRMP_GRP,CFK01,4718,9,0,0
2024,CYA SPE.,NCRMP_GRP,CFK01,4718,9,0.00444,0.0235
2024,DIC SPE.,NCRMP_GRP,CFK01,4718,9,0.01556,0.04371
2024,DIC STOK,NCRMP_GRP,CFK01,4718,9,0,0
2024,DIP LABY,NCRMP_GRP,CFK01,4718,9,0,0
2024,DIP SPE.,NCRMP_GRP,CFK01,4718,9,0,0
2024,EUS FAST,NCRMP_GRP,CFK01,4718,9,0,0
2024,GOR ENCR,NCRMP_GRP,CFK01,4718,9,0.00111,0.01177
2024,GOR GORG,NCRMP_GRP,CFK01,4718,9,0.01333,0.04051
2024,HAL SPE.,NCRMP_GRP,CFK01,4718,9,0.08444,0.09821
2024,HEL CUCU,NCRMP_GRP,CFK01,4718,9,0,0
2024,ISO SINU,NCRMP_GRP,CFK01,4718,9,0,0
2024,LOB SPE.,NCRMP_GRP,CFK01,4718,9,0.00778,0.03103
2024,MAC CALC,NCRMP_GRP,CFK01,4718,9,0.06111,0.08461
2024,MAC FLES,NCRMP_GRP,CFK01,4718,9,0.19667,0.1404
2024,MAD DECA,NCRMP_GRP,CFK01,4718,9,0,0
2024,MAG SPE.,NCRMP_GRP,CFK01,4718,9,0.12333,0.11614
2024,MAN AREO,NCRMP_GRP,CFK01,4718,9,0.00111,0.01177
2024,MEA MEAN,NCRMP_GRP,CFK01,4718,9,0,0
2024,MIL SPE.,NCRMP_GRP,CFK01,4718,9,0.00111,0.01177
2024,MON CAVE,NCRMP_GRP,CFK01,4718,9,0,0
2024,MYC ALIC,NCRMP_GRP,CFK01,4718,9,0,0
2024,ORB ANCX,NCRMP_GRP,CFK01,4718,9,0,0
2024,ORB ANNU,NCRMP_GRP,CFK01,4718,9,0,0
2024,ORB FAVE,NCRMP_GRP,CFK01,4718,9,0,0
2024,ORB FRAN,NCRMP_GRP,CFK01,4718,9,0,0
2024,OTH CORA,NCRMP_GRP,CFK01,4718,9,0.00111,0.01177
2024,OTH SPE.,NCRMP_GRP,CFK01,4718,9,0.00111,0.01177
2024,PAL SPE.,NCRMP_GRP,CFK01,4718,9,0,0
2024,PEY SPE.,NCRMP_GRP,CFK01,4718,9,0,0
2024,POR ASTR,NCRMP_GRP,CFK01,4718,9,0,0
2024,POR DIVA,NCRMP_GRP,CFK01,4718,9,0.00222,0.01663
2024,POR PORI,NCRMP_GRP,CFK01,4718,9,0,0
2024,POR SPE.,NCRMP_GRP,CFK01,4718,9,0,0
2024,PSE CLIV,NCRMP_GRP,CFK01,4718,9,0,0
2024,PSE STRI,NCRMP_GRP,CFK01,4718,9,0,0
2024,RAM SPE.,NCRMP_GRP,CFK01,4718,9,0,0
2024,RHO CRUS,NCRMP_GRP,CFK01,4718,9,0.01333,0.04051
2024,SID RADI,NCRMP_GRP,CFK01,4718,9,0,0
2024,SID SIDE,NCRMP_GRP,CFK01,4718,9,0.00222,0.01663
2024,SOL BOUR,NCRMP_GRP,CFK01,4718,9,0.00556,0.02625
2024,SOL SPE.,NCRMP_GRP,CFK01,4718,9,0,0
2024,SPO OTHE,NCRMP_GRP,CFK01,4718,9,0.06111,0.08461
2024,STE INTE,NCRMP_GRP,CFK01,4718,9,0.00222,0.01663
2024,TUR FREE,NCRMP_GRP,CFK01,4718,9,0.00556,0.02625
2024,TUR SEDI,NCRMP_GRP,CFK01,4718,9,0.12778,0.11792
2022,ACR CERV,NCRMP_GRP,CFK02,30239,21,0,0
2022,ACR PALM,NCRMP_GRP,CFK02,30239,21,0,0
2022,AGA AGAR,NCRMP_GRP,CFK02,30239,21,4.8e-4,0.00488
2022,AGA HUMI,NCRMP_GRP,CFK02,30239,21,0,0
2022,AGA LAMA,NCRMP_GRP,CFK02,30239,21,0,0
2022,AGA SPE.,NCRMP_GRP,CFK02,30239,21,0,0
2022,BAR SUB.,NCRMP_GRP,CFK02,30239,21,0.16667,0.0833
2022,CLI SPE.,NCRMP_GRP,CFK02,30239,21,0.00238,0.01089
2022,COL NATA,NCRMP_GRP,CFK02,30239,21,4.8e-4,0.00488
2022,CYA SPE.,NCRMP_GRP,CFK02,30239,21,0.00286,0.01193
2022,DIC SPE.,NCRMP_GRP,CFK02,30239,21,0.04905,0.048280000000000003
2022,DIC STOK,NCRMP_GRP,CFK02,30239,21,9.5e-4,0.00689
2022,DIP LABY,NCRMP_GRP,CFK02,30239,21,0,0
2022,DIP SPE.,NCRMP_GRP,CFK02,30239,21,0,0
2022,EUS FAST,NCRMP_GRP,CFK02,30239,21,0,0
2022,GOR ENCR,NCRMP_GRP,CFK02,30239,21,0.0419,0.04479
2022,GOR GORG,NCRMP_GRP,CFK02,30239,21,0.03524,0.04121
2022,HAL SPE.,NCRMP_GRP,CFK02,30239,21,0.00571,0.01685
2022,HEL CUCU,NCRMP_GRP,CFK02,30239,21,4.8e-4,0.00488
2022,ISO SINU,NCRMP_GRP,CFK02,30239,21,4.8e-4,0.00488
2022,LOB SPE.,NCRMP_GRP,CFK02,30239,21,0,0
2022,MAC CALC,NCRMP_GRP,CFK02,30239,21,0.02476,0.03474
2022,MAC FLES,NCRMP_GRP,CFK02,30239,21,0.02762,0.03663
2022,MAD DECA,NCRMP_GRP,CFK02,30239,21,0,0
2022,MAG SPE.,NCRMP_GRP,CFK02,30239,21,0.04,0.0438
2022,MAN AREO,NCRMP_GRP,CFK02,30239,21,0,0
2022,MEA MEAN,NCRMP_GRP,CFK02,30239,21,0,0
2022,MIL SPE.,NCRMP_GRP,CFK02,30239,21,0.00857,0.02061
2022,MON CAVE,NCRMP_GRP,CFK02,30239,21,0.00857,0.02061
2022,MYC ALIC,NCRMP_GRP,CFK02,30239,21,0,0
2022,ORB ANCX,NCRMP_GRP,CFK02,30239,21,0,0
2022,ORB ANNU,NCRMP_GRP,CFK02,30239,21,0.00333,0.01288
2022,ORB FAVE,NCRMP_GRP,CFK02,30239,21,0.02714,0.03632
2022,ORB FRAN,NCRMP_GRP,CFK02,30239,21,0,0
2022,OTH CORA,NCRMP_GRP,CFK02,30239,21,0,0
2022,OTH SPE.,NCRMP_GRP,CFK02,30239,21,9.5e-4,0.00689
2022,PAL SPE.,NCRMP_GRP,CFK02,30239,21,0.00714,0.01882
2022,PEY SPE.,NCRMP_GRP,CFK02,30239,21,0.0019,0.00975
2022,POR ASTR,NCRMP_GRP,CFK02,30239,21,0.00905,0.02117
2022,POR DIVA,NCRMP_GRP,CFK02,30239,21,0,0
2022,POR PORI,NCRMP_GRP,CFK02,30239,21,0.01048,0.02276
2022,POR SPE.,NCRMP_GRP,CFK02,30239,21,9.5e-4,0.00689
2022,PSE CLIV,NCRMP_GRP,CFK02,30239,21,0,0
2022,PSE STRI,NCRMP_GRP,CFK02,30239,21,0,0
2022,RAM SPE.,NCRMP_GRP,CFK02,30239,21,0,0
2022,RHO CRUS,NCRMP_GRP,CFK02,30239,21,0.01048,0.02276
2022,SID RADI,NCRMP_GRP,CFK02,30239,21,0.00571,0.01685
2022,SID SIDE,NCRMP_GRP,CFK02,30239,21,0.05143,0.04937
2022,SOL BOUR,NCRMP_GRP,CFK02,30239,21,0.0019,0.00975
2022,SOL SPE.,NCRMP_GRP,CFK02,30239,21,0.00143,0.00844
2022,SPO OTHE,NCRMP_GRP,CFK02,30239,21,0.06619,0.05557
2022,STE INTE,NCRMP_GRP,CFK02,30239,21,0.01286,0.02518
2022,TUR FREE,NCRMP_GRP,CFK02,30239,21,0.03333,0.04012
2022,TUR SEDI,NCRMP_GRP,CFK02,30239,21,0.2919,0.10163
2024,ACR CERV,NCRMP_GRP,CFK02,30239,13,0,0
2024,ACR PALM,NCRMP_GRP,CFK02,30239,13,0,0
2024,AGA AGAR,NCRMP_GRP,CFK02,30239,13,0,0
2024,AGA HUMI,NCRMP_GRP,CFK02,30239,13,0,0
2024,AGA LAMA,NCRMP_GRP,CFK02,30239,13,0,0
2024,AGA SPE.,NCRMP_GRP,CFK02,30239,13,0,0
2024,BAR SUB.,NCRMP_GRP,CFK02,30239,13,0.13231,0.09779
2024,CLI SPE.,NCRMP_GRP,CFK02,30239,13,0.00692,0.02393
2024,COL NATA,NCRMP_GRP,CFK02,30239,13,0,0
2024,CYA SPE.,NCRMP_GRP,CFK02,30239,13,0.00615,0.02257
2024,DIC SPE.,NCRMP_GRP,CFK02,30239,13,0.04538,0.06007
2024,DIC STOK,NCRMP_GRP,CFK02,30239,13,0,0
2024,DIP LABY,NCRMP_GRP,CFK02,30239,13,0,0
2024,DIP SPE.,NCRMP_GRP,CFK02,30239,13,0,0
2024,EUS FAST,NCRMP_GRP,CFK02,30239,13,0,0
2024,GOR ENCR,NCRMP_GRP,CFK02,30239,13,0.02385,0.04403
2024,GOR GORG,NCRMP_GRP,CFK02,30239,13,0.01308,0.03279
2024,HAL SPE.,NCRMP_GRP,CFK02,30239,13,0.06077,0.06895
2024,HEL CUCU,NCRMP_GRP,CFK02,30239,13,0,0
2024,ISO SINU,NCRMP_GRP,CFK02,30239,13,0,0
2024,LOB SPE.,NCRMP_GRP,CFK02,30239,13,0.00154,0.01131
2024,MAC CALC,NCRMP_GRP,CFK02,30239,13,0.01308,0.03279
2024,MAC FLES,NCRMP_GRP,CFK02,30239,13,0.01846,0.03885
2024,MAD DECA,NCRMP_GRP,CFK02,30239,13,0,0
2024,MAG SPE.,NCRMP_GRP,CFK02,30239,13,0.01923,0.03964
2024,MAN AREO,NCRMP_GRP,CFK02,30239,13,0,0
2024,MEA MEAN,NCRMP_GRP,CFK02,30239,13,0,0
2024,MIL SPE.,NCRMP_GRP,CFK02,30239,13,0.00231,0.01385
2024,MON CAVE,NCRMP_GRP,CFK02,30239,13,0.00692,0.02393
2024,MYC ALIC,NCRMP_GRP,CFK02,30239,13,0,0
2024,ORB ANCX,NCRMP_GRP,CFK02,30239,13,0,0
2024,ORB ANNU,NCRMP_GRP,CFK02,30239,13,0,0
2024,ORB FAVE,NCRMP_GRP,CFK02,30239,13,0.00308,0.01598
2024,ORB FRAN,NCRMP_GRP,CFK02,30239,13,0.00385,0.01786
2024,OTH CORA,NCRMP_GRP,CFK02,30239,13,0,0
2024,OTH SPE.,NCRMP_GRP,CFK02,30239,13,0,0
2024,PAL SPE.,NCRMP_GRP,CFK02,30239,13,0.00231,0.01385
2024,PEY SPE.,NCRMP_GRP,CFK02,30239,13,0.00692,0.02393
2024,POR ASTR,NCRMP_GRP,CFK02,30239,13,0.00231,0.01385
2024,POR DIVA,NCRMP_GRP,CFK02,30239,13,0,0
2024,POR PORI,NCRMP_GRP,CFK02,30239,13,0.00231,0.01385
2024,POR SPE.,NCRMP_GRP,CFK02,30239,13,0,0
2024,PSE CLIV,NCRMP_GRP,CFK02,30239,13,0,0
2024,PSE STRI,NCRMP_GRP,CFK02,30239,13,7.7e-4,0.008
2024,RAM SPE.,NCRMP_GRP,CFK02,30239,13,0,0
2024,RHO CRUS,NCRMP_GRP,CFK02,30239,13,0.02385,0.04403
2024,SID RADI,NCRMP_GRP,CFK02,30239,13,7.7e-4,0.008
2024,SID SIDE,NCRMP_GRP,CFK02,30239,13,0.05615,0.06644
2024,SOL BOUR,NCRMP_GRP,CFK02,30239,13,0,0
2024,SOL SPE.,NCRMP_GRP,CFK02,30239,13,0,0
2024,SPO OTHE,NCRMP_GRP,CFK02,30239,13,0.14308,0.10106
2024,STE INTE,NCRMP_GRP,CFK02,30239,13,0.01154,0.03082
2024,TUR FREE,NCRMP_GRP,CFK02,30239,13,0.03692,0.05442
2024,TUR SEDI,NCRMP_GRP,CFK02,30239,13,0.35615,0.13821
2022,ACR CERV,NCRMP_GRP,CFK03,15652,9,0,0
2022,ACR PALM,NCRMP_GRP,CFK03,15652,9,0,0
2022,AGA AGAR,NCRMP_GRP,CFK03,15652,9,0.00111,0.01178
2022,AGA HUMI,NCRMP_GRP,CFK03,15652,9,0,0
2022,AGA LAMA,NCRMP_GRP,CFK03,15652,9,0,0
2022,AGA SPE.,NCRMP_GRP,CFK03,15652,9,0,0
2022,BAR SUB.,NCRMP_GRP,CFK03,15652,9,0.08778,0.10002
2022,CLI SPE.,NCRMP_GRP,CFK03,15652,9,0.00333,0.02037
2022,COL NATA,NCRMP_GRP,CFK03,15652,9,0,0
2022,CYA SPE.,NCRMP_GRP,CFK03,15652,9,0.00111,0.01178
2022,DIC SPE.,NCRMP_GRP,CFK03,15652,9,0.16889,0.13242
2022,DIC STOK,NCRMP_GRP,CFK03,15652,9,0,0
2022,DIP LABY,NCRMP_GRP,CFK03,15652,9,0,0
2022,DIP SPE.,NCRMP_GRP,CFK03,15652,9,0,0
2022,EUS FAST,NCRMP_GRP,CFK03,15652,9,0,0
2022,GOR ENCR,NCRMP_GRP,CFK03,15652,9,0.02444,0.05458
2022,GOR GORG,NCRMP_GRP,CFK03,15652,9,0.03889,0.06833
2022,HAL SPE.,NCRMP_GRP,CFK03,15652,9,0.00889,0.03318
2022,HEL CUCU,NCRMP_GRP,CFK03,15652,9,0,0
2022,ISO SINU,NCRMP_GRP,CFK03,15652,9,0,0
2022,LOB SPE.,NCRMP_GRP,CFK03,15652,9,0,0
2022,MAC CALC,NCRMP_GRP,CFK03,15652,9,0.00889,0.03318
2022,MAC FLES,NCRMP_GRP,CFK03,15652,9,0.03778,0.06739
2022,MAD DECA,NCRMP_GRP,CFK03,15652,9,0,0
2022,MAG SPE.,NCRMP_GRP,CFK03,15652,9,0.02444,0.05458
2022,MAN AREO,NCRMP_GRP,CFK03,15652,9,0,0
2022,MEA MEAN,NCRMP_GRP,CFK03,15652,9,0,0
2022,MIL SPE.,NCRMP_GRP,CFK03,15652,9,0.01556,0.04374
2022,MON CAVE,NCRMP_GRP,CFK03,15652,9,0,0
2022,MYC ALIC,NCRMP_GRP,CFK03,15652,9,0,0
2022,ORB ANCX,NCRMP_GRP,CFK03,15652,9,0,0
2022,ORB ANNU,NCRMP_GRP,CFK03,15652,9,0,0
2022,ORB FAVE,NCRMP_GRP,CFK03,15652,9,0.00222,0.01664
2022,ORB FRAN,NCRMP_GRP,CFK03,15652,9,0,0
2022,OTH CORA,NCRMP_GRP,CFK03,15652,9,0,0
2022,OTH SPE.,NCRMP_GRP,CFK03,15652,9,0,0
2022,PAL SPE.,NCRMP_GRP,CFK03,15652,9,0.01667,0.04525
2022,PEY SPE.,NCRMP_GRP,CFK03,15652,9,0.00111,0.01178
2022,POR ASTR,NCRMP_GRP,CFK03,15652,9,0.00333,0.02037
2022,POR DIVA,NCRMP_GRP,CFK03,15652,9,0,0
2022,POR PORI,NCRMP_GRP,CFK03,15652,9,0.00111,0.01178
2022,POR SPE.,NCRMP_GRP,CFK03,15652,9,0,0
2022,PSE CLIV,NCRMP_GRP,CFK03,15652,9,0,0
2022,PSE STRI,NCRMP_GRP,CFK03,15652,9,0,0
2022,RAM SPE.,NCRMP_GRP,CFK03,15652,9,0,0
2022,RHO CRUS,NCRMP_GRP,CFK03,15652,9,0.00667,0.02876
2022,SID RADI,NCRMP_GRP,CFK03,15652,9,0.00333,0.02037
2022,SID SIDE,NCRMP_GRP,CFK03,15652,9,0.04,0.06926
2022,SOL BOUR,NCRMP_GRP,CFK03,15652,9,0.00444,0.02351
2022,SOL SPE.,NCRMP_GRP,CFK03,15652,9,0,0
2022,SPO OTHE,NCRMP_GRP,CFK03,15652,9,0.08778,0.10002
2022,STE INTE,NCRMP_GRP,CFK03,15652,9,0.01444,0.04217
2022,TUR FREE,NCRMP_GRP,CFK03,15652,9,0,0
2022,TUR SEDI,NCRMP_GRP,CFK03,15652,9,0.39778,0.17299
2024,ACR CERV,NCRMP_GRP,CFK03,15652,9,0,0
2024,ACR PALM,NCRMP_GRP,CFK03,15652,9,0,0
2024,AGA AGAR,NCRMP_GRP,CFK03,15652,9,0.00111,0.01178
2024,AGA HUMI,NCRMP_GRP,CFK03,15652,9,0,0
2024,AGA LAMA,NCRMP_GRP,CFK03,15652,9,0,0
2024,AGA SPE.,NCRMP_GRP,CFK03,15652,9,0,0
2024,BAR SUB.,NCRMP_GRP,CFK03,15652,9,0.25,0.15305
2024,CLI SPE.,NCRMP_GRP,CFK03,15652,9,0.00778,0.03105
2024,COL NATA,NCRMP_GRP,CFK03,15652,9,0,0
2024,CYA SPE.,NCRMP_GRP,CFK03,15652,9,0.00556,0.02627
2024,DIC SPE.,NCRMP_GRP,CFK03,15652,9,0.08778,0.10002
2024,DIC STOK,NCRMP_GRP,CFK03,15652,9,0.00111,0.01178
2024,DIP LABY,NCRMP_GRP,CFK03,15652,9,0,0
2024,DIP SPE.,NCRMP_GRP,CFK03,15652,9,0,0
2024,EUS FAST,NCRMP_GRP,CFK03,15652,9,0.00111,0.01178
2024,GOR ENCR,NCRMP_GRP,CFK03,15652,9,0.01,0.03517
2024,GOR GORG,NCRMP_GRP,CFK03,15652,9,0.02556,0.05578
2024,HAL SPE.,NCRMP_GRP,CFK03,15652,9,0.01222,0.03884
2024,HEL CUCU,NCRMP_GRP,CFK03,15652,9,0,0
2024,ISO SINU,NCRMP_GRP,CFK03,15652,9,0,0
2024,LOB SPE.,NCRMP_GRP,CFK03,15652,9,0,0
2024,MAC CALC,NCRMP_GRP,CFK03,15652,9,0.02111,0.05081
2024,MAC FLES,NCRMP_GRP,CFK03,15652,9,0.02889,0.0592
2024,MAD DECA,NCRMP_GRP,CFK03,15652,9,0,0
2024,MAG SPE.,NCRMP_GRP,CFK03,15652,9,0.03889,0.06833
2024,MAN AREO,NCRMP_GRP,CFK03,15652,9,0,0
2024,MEA MEAN,NCRMP_GRP,CFK03,15652,9,0,0
2024,MIL SPE.,NCRMP_GRP,CFK03,15652,9,0.00556,0.02627
2024,MON CAVE,NCRMP_GRP,CFK03,15652,9,0.00333,0.02037
2024,MYC ALIC,NCRMP_GRP,CFK03,15652,9,0,0
2024,ORB ANCX,NCRMP_GRP,CFK03,15652,9,0,0
2024,ORB ANNU,NCRMP_GRP,CFK03,15652,9,0,0
2024,ORB FAVE,NCRMP_GRP,CFK03,15652,9,0.00444,0.02351
2024,ORB FRAN,NCRMP_GRP,CFK03,15652,9,0,0
2024,OTH CORA,NCRMP_GRP,CFK03,15652,9,0,0
2024,OTH SPE.,NCRMP_GRP,CFK03,15652,9,0,0
2024,PAL SPE.,NCRMP_GRP,CFK03,15652,9,0.02,0.04948
2024,PEY SPE.,NCRMP_GRP,CFK03,15652,9,0.00778,0.03105
2024,POR ASTR,NCRMP_GRP,CFK03,15652,9,0.00333,0.02037
2024,POR DIVA,NCRMP_GRP,CFK03,15652,9,0,0
2024,POR PORI,NCRMP_GRP,CFK03,15652,9,0.00111,0.01178
2024,POR SPE.,NCRMP_GRP,CFK03,15652,9,0,0
2024,PSE CLIV,NCRMP_GRP,CFK03,15652,9,0,0
2024,PSE STRI,NCRMP_GRP,CFK03,15652,9,0,0
2024,RAM SPE.,NCRMP_GRP,CFK03,15652,9,0.00222,0.01664
2024,RHO CRUS,NCRMP_GRP,CFK03,15652,9,0.02222,0.0521
2024,SID RADI,NCRMP_GRP,CFK03,15652,9,0,0
2024,SID SIDE,NCRMP_GRP,CFK03,15652,9,0.04444,0.07284
2024,SOL BOUR,NCRMP_GRP,CFK03,15652,9,0.00222,0.01664
2024,SOL SPE.,NCRMP_GRP,CFK03,15652,9,0,0
2024,SPO OTHE,NCRMP_GRP,CFK03,15652,9,0.12778,0.118
2024,STE INTE,NCRMP_GRP,CFK03,15652,9,0.00556,0.02627
2024,TUR FREE,NCRMP_GRP,CFK03,15652,9,0.00556,0.02627
2024,TUR SEDI,NCRMP_GRP,CFK03,15652,9,0.25333,0.15372
2024,ACR CERV,NCRMP_GRP,CFK04,9396,6,0,0
2024,ACR PALM,NCRMP_GRP,CFK04,9396,6,0,0
2024,AGA AGAR,NCRMP_GRP,CFK04,9396,6,0,0
2024,AGA HUMI,NCRMP_GRP,CFK04,9396,6,0,0
2024,AGA LAMA,NCRMP_GRP,CFK04,9396,6,0,0
2024,AGA SPE.,NCRMP_GRP,CFK04,9396,6,0,0
2024,BAR SUB.,NCRMP_GRP,CFK04,9396,6,0.09333,0.13005
2024,CLI SPE.,NCRMP_GRP,CFK04,9396,6,0.005,0.03153
2024,COL NATA,NCRMP_GRP,CFK04,9396,6,0,0
2024,CYA SPE.,NCRMP_GRP,CFK04,9396,6,0.01167,0.04801
2024,DIC SPE.,NCRMP_GRP,CFK04,9396,6,0.09833,0.13312
2024,DIC STOK,NCRMP_GRP,CFK04,9396,6,0.00167,0.01824
2024,DIP LABY,NCRMP_GRP,CFK04,9396,6,0,0
2024,DIP SPE.,NCRMP_GRP,CFK04,9396,6,0,0
2024,EUS FAST,NCRMP_GRP,CFK04,9396,6,0,0
2024,GOR ENCR,NCRMP_GRP,CFK04,9396,6,0,0
2024,GOR GORG,NCRMP_GRP,CFK04,9396,6,0.015,0.05434
2024,HAL SPE.,NCRMP_GRP,CFK04,9396,6,0.04333,0.09103
2024,HEL CUCU,NCRMP_GRP,CFK04,9396,6,0,0
2024,ISO SINU,NCRMP_GRP,CFK04,9396,6,0,0
2024,LOB SPE.,NCRMP_GRP,CFK04,9396,6,0,0
2024,MAC CALC,NCRMP_GRP,CFK04,9396,6,0.04,0.08761
2024,MAC FLES,NCRMP_GRP,CFK04,9396,6,0.07333,0.11654
2024,MAD DECA,NCRMP_GRP,CFK04,9396,6,0,0
2024,MAG SPE.,NCRMP_GRP,CFK04,9396,6,0.00333,0.02577
2024,MAN AREO,NCRMP_GRP,CFK04,9396,6,0,0
2024,MEA MEAN,NCRMP_GRP,CFK04,9396,6,0,0
2024,MIL SPE.,NCRMP_GRP,CFK04,9396,6,0.00167,0.01824
2024,MON CAVE,NCRMP_GRP,CFK04,9396,6,0,0
2024,MYC ALIC,NCRMP_GRP,CFK04,9396,6,0,0
2024,ORB ANCX,NCRMP_GRP,CFK04,9396,6,0,0
2024,ORB ANNU,NCRMP_GRP,CFK04,9396,6,0,0
2024,ORB FAVE,NCRMP_GRP,CFK04,9396,6,0,0
2024,ORB FRAN,NCRMP_GRP,CFK04,9396,6,0,0
2024,OTH CORA,NCRMP_GRP,CFK04,9396,6,0,0
2024,OTH SPE.,NCRMP_GRP,CFK04,9396,6,0,0
2024,PAL SPE.,NCRMP_GRP,CFK04,9396,6,0.00333,0.02577
2024,PEY SPE.,NCRMP_GRP,CFK04,9396,6,0,0
2024,POR ASTR,NCRMP_GRP,CFK04,9396,6,0.00167,0.01824
2024,POR DIVA,NCRMP_GRP,CFK04,9396,6,0,0
2024,POR PORI,NCRMP_GRP,CFK04,9396,6,0,0
2024,POR SPE.,NCRMP_GRP,CFK04,9396,6,0,0
2024,PSE CLIV,NCRMP_GRP,CFK04,9396,6,0,0
2024,PSE STRI,NCRMP_GRP,CFK04,9396,6,0,0
2024,RAM SPE.,NCRMP_GRP,CFK04,9396,6,0,0
2024,RHO CRUS,NCRMP_GRP,CFK04,9396,6,0.04833,0.09588
2024,SID RADI,NCRMP_GRP,CFK04,9396,6,0.00167,0.01824
2024,SID SIDE,NCRMP_GRP,CFK04,9396,6,0.00333,0.02577
2024,SOL BOUR,NCRMP_GRP,CFK04,9396,6,0.00167,0.01824
2024,SOL SPE.,NCRMP_GRP,CFK04,9396,6,0,0
2024,SPO OTHE,NCRMP_GRP,CFK04,9396,6,0.08333,0.12356
2024,STE INTE,NCRMP_GRP,CFK04,9396,6,0,0
2024,TUR FREE,NCRMP_GRP,CFK04,9396,6,0.02333,0.06749
2024,TUR SEDI,NCRMP_GRP,CFK04,9396,6,0.44667,0.22226
2022,ACR CERV,NCRMP_GRP,CFK05,2596,7,0,0
2022,ACR PALM,NCRMP_GRP,CFK05,2596,7,0,0
2022,AGA AGAR,NCRMP_GRP,CFK05,2596,7,0.00143,0.0154
2022,AGA HUMI,NCRMP_GRP,CFK05,2596,7,0,0
2022,AGA LAMA,NCRMP_GRP,CFK05,2596,7,0,0
2022,AGA SPE.,NCRMP_GRP,CFK05,2596,7,0,0
2022,BAR SUB.,NCRMP_GRP,CFK05,2596,7,0.10429,0.1246
2022,CLI SPE.,NCRMP_GRP,CFK05,2596,7,0,0
2022,COL NATA,NCRMP_GRP,CFK05,2596,7,0,0
2022,CYA SPE.,NCRMP_GRP,CFK05,2596,7,0.00571,0.03073
2022,DIC SPE.,NCRMP_GRP,CFK05,2596,7,0.10429,0.1246
2022,DIC STOK,NCRMP_GRP,CFK05,2596,7,0,0
2022,DIP LABY,NCRMP_GRP,CFK05,2596,7,0,0
2022,DIP SPE.,NCRMP_GRP,CFK05,2596,7,0,0
2022,EUS FAST,NCRMP_GRP,CFK05,2596,7,0,0
2022,GOR ENCR,NCRMP_GRP,CFK05,2596,7,0.00857,0.03758
2022,GOR GORG,NCRMP_GRP,CFK05,2596,7,0.04429,0.08388
2022,HAL SPE.,NCRMP_GRP,CFK05,2596,7,0.00857,0.03758
2022,HEL CUCU,NCRMP_GRP,CFK05,2596,7,0,0
2022,ISO SINU,NCRMP_GRP,CFK05,2596,7,0,0
2022,LOB SPE.,NCRMP_GRP,CFK05,2596,7,0.00286,0.02176
2022,MAC CALC,NCRMP_GRP,CFK05,2596,7,0.00143,0.0154
2022,MAC FLES,NCRMP_GRP,CFK05,2596,7,0.07286,0.10596
2022,MAD DECA,NCRMP_GRP,CFK05,2596,7,0,0
2022,MAG SPE.,NCRMP_GRP,CFK05,2596,7,0,0
2022,MAN AREO,NCRMP_GRP,CFK05,2596,7,0,0
2022,MEA MEAN,NCRMP_GRP,CFK05,2596,7,0,0
2022,MIL SPE.,NCRMP_GRP,CFK05,2596,7,0.02571,0.06453
2022,MON CAVE,NCRMP_GRP,CFK05,2596,7,0,0
2022,MYC ALIC,NCRMP_GRP,CFK05,2596,7,0,0
2022,ORB ANCX,NCRMP_GRP,CFK05,2596,7,0,0
2022,ORB ANNU,NCRMP_GRP,CFK05,2596,7,0,0
2022,ORB FAVE,NCRMP_GRP,CFK05,2596,7,0,0
2022,ORB FRAN,NCRMP_GRP,CFK05,2596,7,0,0
2022,OTH CORA,NCRMP_GRP,CFK05,2596,7,0,0
2022,OTH SPE.,NCRMP_GRP,CFK05,2596,7,0,0
2022,PAL SPE.,NCRMP_GRP,CFK05,2596,7,0.04714,0.08641
2022,PEY SPE.,NCRMP_GRP,CFK05,2596,7,0.00429,0.02663
2022,POR ASTR,NCRMP_GRP,CFK05,2596,7,0.02143,0.05904
2022,POR DIVA,NCRMP_GRP,CFK05,2596,7,0,0
2022,POR PORI,NCRMP_GRP,CFK05,2596,7,0.00286,0.02176
2022,POR SPE.,NCRMP_GRP,CFK05,2596,7,0,0
2022,PSE CLIV,NCRMP_GRP,CFK05,2596,7,0,0
2022,PSE STRI,NCRMP_GRP,CFK05,2596,7,0,0
2022,RAM SPE.,NCRMP_GRP,CFK05,2596,7,0.00143,0.0154
2022,RHO CRUS,NCRMP_GRP,CFK05,2596,7,0.02429,0.06276
2022,SID RADI,NCRMP_GRP,CFK05,2596,7,0.00143,0.0154
2022,SID SIDE,NCRMP_GRP,CFK05,2596,7,0.00714,0.03433
2022,SOL BOUR,NCRMP_GRP,CFK05,2596,7,0,0
2022,SOL SPE.,NCRMP_GRP,CFK05,2596,7,0,0
2022,SPO OTHE,NCRMP_GRP,CFK05,2596,7,0.02429,0.06276
2022,STE INTE,NCRMP_GRP,CFK05,2596,7,0,0
2022,TUR FREE,NCRMP_GRP,CFK05,2596,7,0.10857,0.12683
2022,TUR SEDI,NCRMP_GRP,CFK05,2596,7,0.37714,0.1976
2024,ACR CERV,NCRMP_GRP,CFK05,2596,9,0,0
2024,ACR PALM,NCRMP_GRP,CFK05,2596,9,0,0
2024,AGA AGAR,NCRMP_GRP,CFK05,2596,9,0,0
2024,AGA HUMI,NCRMP_GRP,CFK05,2596,9,0,0
2024,AGA LAMA,NCRMP_GRP,CFK05,2596,9,0,0
2024,AGA SPE.,NCRMP_GRP,CFK05,2596,9,0,0
2024,BAR SUB.,NCRMP_GRP,CFK05,2596,9,0.10667,0.10895
2024,CLI SPE.,NCRMP_GRP,CFK05,2596,9,0.00111,0.01176
2024,COL NATA,NCRMP_GRP,CFK05,2596,9,0,0
2024,CYA SPE.,NCRMP_GRP,CFK05,2596,9,0.00778,0.03101
2024,DIC SPE.,NCRMP_GRP,CFK05,2596,9,0.04667,0.07444
2024,DIC STOK,NCRMP_GRP,CFK05,2596,9,0,0
2024,DIP LABY,NCRMP_GRP,CFK05,2596,9,0,0
2024,DIP SPE.,NCRMP_GRP,CFK05,2596,9,0,0
2024,EUS FAST,NCRMP_GRP,CFK05,2596,9,0,0
2024,GOR ENCR,NCRMP_GRP,CFK05,2596,9,0,0
2024,GOR GORG,NCRMP_GRP,CFK05,2596,9,0.02111,0.05074
2024,HAL SPE.,NCRMP_GRP,CFK05,2596,9,0.02444,0.0545
2024,HEL CUCU,NCRMP_GRP,CFK05,2596,9,0,0
2024,ISO SINU,NCRMP_GRP,CFK05,2596,9,0,0
2024,LOB SPE.,NCRMP_GRP,CFK05,2596,9,0,0
2024,MAC CALC,NCRMP_GRP,CFK05,2596,9,0.01333,0.04048
2024,MAC FLES,NCRMP_GRP,CFK05,2596,9,0.04222,0.07097
2024,MAD DECA,NCRMP_GRP,CFK05,2596,9,0,0
2024,MAG SPE.,NCRMP_GRP,CFK05,2596,9,0.00444,0.02348
2024,MAN AREO,NCRMP_GRP,CFK05,2596,9,0,0
2024,MEA MEAN,NCRMP_GRP,CFK05,2596,9,0,0
2024,MIL SPE.,NCRMP_GRP,CFK05,2596,9,0.00556,0.02623
2024,MON CAVE,NCRMP_GRP,CFK05,2596,9,0,0
2024,MYC ALIC,NCRMP_GRP,CFK05,2596,9,0,0
2024,ORB ANCX,NCRMP_GRP,CFK05,2596,9,0,0
2024,ORB ANNU,NCRMP_GRP,CFK05,2596,9,0,0
2024,ORB FAVE,NCRMP_GRP,CFK05,2596,9,0,0
2024,ORB FRAN,NCRMP_GRP,CFK05,2596,9,0,0
2024,OTH CORA,NCRMP_GRP,CFK05,2596,9,0,0
2024,OTH SPE.,NCRMP_GRP,CFK05,2596,9,0,0
2024,PAL SPE.,NCRMP_GRP,CFK05,2596,9,0.02556,0.0557
2024,PEY SPE.,NCRMP_GRP,CFK05,2596,9,0.02444,0.0545
2024,POR ASTR,NCRMP_GRP,CFK05,2596,9,0.00556,0.02623
2024,POR DIVA,NCRMP_GRP,CFK05,2596,9,0,0
2024,POR PORI,NCRMP_GRP,CFK05,2596,9,0.00111,0.01176
2024,POR SPE.,NCRMP_GRP,CFK05,2596,9,0,0
2024,PSE CLIV,NCRMP_GRP,CFK05,2596,9,0,0
2024,PSE STRI,NCRMP_GRP,CFK05,2596,9,0,0
2024,RAM SPE.,NCRMP_GRP,CFK05,2596,9,0.00111,0.01176
2024,RHO CRUS,NCRMP_GRP,CFK05,2596,9,0.06556,0.08735
2024,SID RADI,NCRMP_GRP,CFK05,2596,9,0,0
2024,SID SIDE,NCRMP_GRP,CFK05,2596,9,0,0
2024,SOL BOUR,NCRMP_GRP,CFK05,2596,9,0.00111,0.01176
2024,SOL SPE.,NCRMP_GRP,CFK05,2596,9,0,0
2024,SPO OTHE,NCRMP_GRP,CFK05,2596,9,0.03,0.06021
2024,STE INTE,NCRMP_GRP,CFK05,2596,9,0,0
2024,TUR FREE,NCRMP_GRP,CFK05,2596,9,0.00111,0.01176
2024,TUR SEDI,NCRMP_GRP,CFK05,2596,9,0.57111,0.17468
2022,ACR CERV,NCRMP_GRP,CFK06,36727,9,0,0
2022,ACR PALM,NCRMP_GRP,CFK06,36727,9,0,0
2022,AGA AGAR,NCRMP_GRP,CFK06,36727,9,0,0
2022,AGA HUMI,NCRMP_GRP,CFK06,36727,9,0,0
2022,AGA LAMA,NCRMP_GRP,CFK06,36727,9,0,0
2022,AGA SPE.,NCRMP_GRP,CFK06,36727,9,0,0
2022,BAR SUB.,NCRMP_GRP,CFK06,36727,9,0.17222,0.13348
2022,CLI SPE.,NCRMP_GRP,CFK06,36727,9,0,0
2022,COL NATA,NCRMP_GRP,CFK06,36727,9,0,0
2022,CYA SPE.,NCRMP_GRP,CFK06,36727,9,0,0
2022,DIC SPE.,NCRMP_GRP,CFK06,36727,9,0.05667,0.08173
2022,DIC STOK,NCRMP_GRP,CFK06,36727,9,0,0
2022,DIP LABY,NCRMP_GRP,CFK06,36727,9,0,0
2022,DIP SPE.,NCRMP_GRP,CFK06,36727,9,0,0
2022,EUS FAST,NCRMP_GRP,CFK06,36727,9,0,0
2022,GOR ENCR,NCRMP_GRP,CFK06,36727,9,0,0
2022,GOR GORG,NCRMP_GRP,CFK06,36727,9,0.03556,0.06546
2022,HAL SPE.,NCRMP_GRP,CFK06,36727,9,0.01778,0.04671
2022,HEL CUCU,NCRMP_GRP,CFK06,36727,9,0,0
2022,ISO SINU,NCRMP_GRP,CFK06,36727,9,0,0
2022,LOB SPE.,NCRMP_GRP,CFK06,36727,9,0,0
2022,MAC CALC,NCRMP_GRP,CFK06,36727,9,0.02556,0.05579
2022,MAC FLES,NCRMP_GRP,CFK06,36727,9,0.08222,0.09711
2022,MAD DECA,NCRMP_GRP,CFK06,36727,9,0,0
2022,MAG SPE.,NCRMP_GRP,CFK06,36727,9,0.01,0.03517
2022,MAN AREO,NCRMP_GRP,CFK06,36727,9,0,0
2022,MEA MEAN,NCRMP_GRP,CFK06,36727,9,0,0
2022,MIL SPE.,NCRMP_GRP,CFK06,36727,9,0.01444,0.04218
2022,MON CAVE,NCRMP_GRP,CFK06,36727,9,0.00111,0.01178
2022,MYC ALIC,NCRMP_GRP,CFK06,36727,9,0,0
2022,ORB ANCX,NCRMP_GRP,CFK06,36727,9,0,0
2022,ORB ANNU,NCRMP_GRP,CFK06,36727,9,0,0
2022,ORB FAVE,NCRMP_GRP,CFK06,36727,9,0,0
2022,ORB FRAN,NCRMP_GRP,CFK06,36727,9,0,0
2022,OTH CORA,NCRMP_GRP,CFK06,36727,9,0,0
2022,OTH SPE.,NCRMP_GRP,CFK06,36727,9,0,0
2022,PAL SPE.,NCRMP_GRP,CFK06,36727,9,0.00111,0.01178
2022,PEY SPE.,NCRMP_GRP,CFK06,36727,9,0,0
2022,POR ASTR,NCRMP_GRP,CFK06,36727,9,0.00333,0.02038
2022,POR DIVA,NCRMP_GRP,CFK06,36727,9,0,0
2022,POR PORI,NCRMP_GRP,CFK06,36727,9,0.00333,0.02038
2022,POR SPE.,NCRMP_GRP,CFK06,36727,9,0,0
2022,PSE CLIV,NCRMP_GRP,CFK06,36727,9,0,0
2022,PSE STRI,NCRMP_GRP,CFK06,36727,9,0,0
2022,RAM SPE.,NCRMP_GRP,CFK06,36727,9,0,0
2022,RHO CRUS,NCRMP_GRP,CFK06,36727,9,0.00222,0.01665
2022,SID RADI,NCRMP_GRP,CFK06,36727,9,0.00333,0.02038
2022,SID SIDE,NCRMP_GRP,CFK06,36727,9,0.00556,0.02628
2022,SOL BOUR,NCRMP_GRP,CFK06,36727,9,0,0
2022,SOL SPE.,NCRMP_GRP,CFK06,36727,9,0,0
2022,SPO OTHE,NCRMP_GRP,CFK06,36727,9,0.02333,0.05337
2022,STE INTE,NCRMP_GRP,CFK06,36727,9,0,0
2022,TUR FREE,NCRMP_GRP,CFK06,36727,9,0,0
2022,TUR SEDI,NCRMP_GRP,CFK06,36727,9,0.54222,0.17612
2024,ACR CERV,NCRMP_GRP,CFK06,36727,7,0,0
2024,ACR PALM,NCRMP_GRP,CFK06,36727,7,0,0
2024,AGA AGAR,NCRMP_GRP,CFK06,36727,7,0,0
2024,AGA HUMI,NCRMP_GRP,CFK06,36727,7,0,0
2024,AGA LAMA,NCRMP_GRP,CFK06,36727,7,0,0
2024,AGA SPE.,NCRMP_GRP,CFK06,36727,7,0,0
2024,BAR SUB.,NCRMP_GRP,CFK06,36727,7,0.28857,0.18496
2024,CLI SPE.,NCRMP_GRP,CFK06,36727,7,0,0
2024,COL NATA,NCRMP_GRP,CFK06,36727,7,0,0
2024,CYA SPE.,NCRMP_GRP,CFK06,36727,7,0.02143,0.05911
2024,DIC SPE.,NCRMP_GRP,CFK06,36727,7,0.1,0.12246
2024,DIC STOK,NCRMP_GRP,CFK06,36727,7,0,0
2024,DIP LABY,NCRMP_GRP,CFK06,36727,7,0,0
2024,DIP SPE.,NCRMP_GRP,CFK06,36727,7,0,0
2024,EUS FAST,NCRMP_GRP,CFK06,36727,7,0,0
2024,GOR ENCR,NCRMP_GRP,CFK06,36727,7,0,0
2024,GOR GORG,NCRMP_GRP,CFK06,36727,7,0.01429,0.04844
2024,HAL SPE.,NCRMP_GRP,CFK06,36727,7,0.03714,0.0772
2024,HEL CUCU,NCRMP_GRP,CFK06,36727,7,0,0
2024,ISO SINU,NCRMP_GRP,CFK06,36727,7,0,0
2024,LOB SPE.,NCRMP_GRP,CFK06,36727,7,0,0
2024,MAC CALC,NCRMP_GRP,CFK06,36727,7,0.02143,0.05911
2024,MAC FLES,NCRMP_GRP,CFK06,36727,7,0.14714,0.14461
2024,MAD DECA,NCRMP_GRP,CFK06,36727,7,0,0
2024,MAG SPE.,NCRMP_GRP,CFK06,36727,7,0,0
2024,MAN AREO,NCRMP_GRP,CFK06,36727,7,0,0
2024,MEA MEAN,NCRMP_GRP,CFK06,36727,7,0,0
2024,MIL SPE.,NCRMP_GRP,CFK06,36727,7,0.00429,0.02667
2024,MON CAVE,NCRMP_GRP,CFK06,36727,7,0.00286,0.02179
2024,MYC ALIC,NCRMP_GRP,CFK06,36727,7,0,0
2024,ORB ANCX,NCRMP_GRP,CFK06,36727,7,0,0
2024,ORB ANNU,NCRMP_GRP,CFK06,36727,7,0,0
2024,ORB FAVE,NCRMP_GRP,CFK06,36727,7,0,0
2024,ORB FRAN,NCRMP_GRP,CFK06,36727,7,0,0
2024,OTH CORA,NCRMP_GRP,CFK06,36727,7,0,0
2024,OTH SPE.,NCRMP_GRP,CFK06,36727,7,0.00143,0.01542
2024,PAL SPE.,NCRMP_GRP,CFK06,36727,7,0.00714,0.03438
2024,PEY SPE.,NCRMP_GRP,CFK06,36727,7,0,0
2024,POR ASTR,NCRMP_GRP,CFK06,36727,7,0.00143,0.01542
2024,POR DIVA,NCRMP_GRP,CFK06,36727,7,0,0
2024,POR PORI,NCRMP_GRP,CFK06,36727,7,0.00286,0.02179
2024,POR SPE.,NCRMP_GRP,CFK06,36727,7,0,0
2024,PSE CLIV,NCRMP_GRP,CFK06,36727,7,0,0
2024,PSE STRI,NCRMP_GRP,CFK06,36727,7,0,0
2024,RAM SPE.,NCRMP_GRP,CFK06,36727,7,0,0
2024,RHO CRUS,NCRMP_GRP,CFK06,36727,7,0.01857,0.05511
2024,SID RADI,NCRMP_GRP,CFK06,36727,7,0,0
2024,SID SIDE,NCRMP_GRP,CFK06,36727,7,0.00286,0.02179
2024,SOL BOUR,NCRMP_GRP,CFK06,36727,7,0,0
2024,SOL SPE.,NCRMP_GRP,CFK06,36727,7,0,0
2024,SPO OTHE,NCRMP_GRP,CFK06,36727,7,0.04,0.07999
2024,STE INTE,NCRMP_GRP,CFK06,36727,7,0.00143,0.01542
2024,TUR FREE,NCRMP_GRP,CFK06,36727,7,0,0
2024,TUR SEDI,NCRMP_GRP,CFK06,36727,7,0.28714,0.18469
2022,ACR CERV,NCRMP_GRP,CFK07,15960,10,0,0
2022,ACR PALM,NCRMP_GRP,CFK07,15960,10,0,0
2022,AGA AGAR,NCRMP_GRP,CFK07,15960,10,0.005,0.0235
2022,AGA HUMI,NCRMP_GRP,CFK07,15960,10,0,0
2022,AGA LAMA,NCRMP_GRP,CFK07,15960,10,0,0
2022,AGA SPE.,NCRMP_GRP,CFK07,15960,10,0.001,0.01053
2022,BAR SUB.,NCRMP_GRP,CFK07,15960,10,0.136,0.11423
2022,CLI SPE.,NCRMP_GRP,CFK07,15960,10,0.004,0.02103
2022,COL NATA,NCRMP_GRP,CFK07,15960,10,0,0
2022,CYA SPE.,NCRMP_GRP,CFK07,15960,10,0.011,0.03476
2022,DIC SPE.,NCRMP_GRP,CFK07,15960,10,0.328,0.15645
2022,DIC STOK,NCRMP_GRP,CFK07,15960,10,0.001,0.01053
2022,DIP LABY,NCRMP_GRP,CFK07,15960,10,0,0
2022,DIP SPE.,NCRMP_GRP,CFK07,15960,10,0,0
2022,EUS FAST,NCRMP_GRP,CFK07,15960,10,0,0
2022,GOR ENCR,NCRMP_GRP,CFK07,15960,10,0.009,0.03147
2022,GOR GORG,NCRMP_GRP,CFK07,15960,10,0.038,0.06371
2022,HAL SPE.,NCRMP_GRP,CFK07,15960,10,0.01,0.03316
2022,HEL CUCU,NCRMP_GRP,CFK07,15960,10,0,0
2022,ISO SINU,NCRMP_GRP,CFK07,15960,10,0,0
2022,LOB SPE.,NCRMP_GRP,CFK07,15960,10,0,0
2022,MAC CALC,NCRMP_GRP,CFK07,15960,10,0.007,0.02778
2022,MAC FLES,NCRMP_GRP,CFK07,15960,10,0.01,0.03316
2022,MAD DECA,NCRMP_GRP,CFK07,15960,10,0.001,0.01053
2022,MAG SPE.,NCRMP_GRP,CFK07,15960,10,0,0
2022,MAN AREO,NCRMP_GRP,CFK07,15960,10,0,0
2022,MEA MEAN,NCRMP_GRP,CFK07,15960,10,0,0
2022,MIL SPE.,NCRMP_GRP,CFK07,15960,10,0.014,0.03915
2022,MON CAVE,NCRMP_GRP,CFK07,15960,10,0,0
2022,MYC ALIC,NCRMP_GRP,CFK07,15960,10,0,0
2022,ORB ANCX,NCRMP_GRP,CFK07,15960,10,0,0
2022,ORB ANNU,NCRMP_GRP,CFK07,15960,10,0,0
2022,ORB FAVE,NCRMP_GRP,CFK07,15960,10,0,0
2022,ORB FRAN,NCRMP_GRP,CFK07,15960,10,0,0
2022,OTH CORA,NCRMP_GRP,CFK07,15960,10,0,0
2022,OTH SPE.,NCRMP_GRP,CFK07,15960,10,0,0
2022,PAL SPE.,NCRMP_GRP,CFK07,15960,10,0.03,0.05684
2022,PEY SPE.,NCRMP_GRP,CFK07,15960,10,0.001,0.01053
2022,POR ASTR,NCRMP_GRP,CFK07,15960,10,0.009,0.03147
2022,POR DIVA,NCRMP_GRP,CFK07,15960,10,0,0
2022,POR PORI,NCRMP_GRP,CFK07,15960,10,0.007,0.02778
2022,POR SPE.,NCRMP_GRP,CFK07,15960,10,0,0
2022,PSE CLIV,NCRMP_GRP,CFK07,15960,10,0,0
2022,PSE STRI,NCRMP_GRP,CFK07,15960,10,0,0
2022,RAM SPE.,NCRMP_GRP,CFK07,15960,10,0,0
2022,RHO CRUS,NCRMP_GRP,CFK07,15960,10,0.016,0.04181
2022,SID RADI,NCRMP_GRP,CFK07,15960,10,0.003,0.01822
2022,SID SIDE,NCRMP_GRP,CFK07,15960,10,0.009,0.03147
2022,SOL BOUR,NCRMP_GRP,CFK07,15960,10,0,0
2022,SOL SPE.,NCRMP_GRP,CFK07,15960,10,0,0
2022,SPO OTHE,NCRMP_GRP,CFK07,15960,10,0.043,0.0676
2022,STE INTE,NCRMP_GRP,CFK07,15960,10,0.001,0.01053
2022,TUR FREE,NCRMP_GRP,CFK07,15960,10,0.002,0.01489
2022,TUR SEDI,NCRMP_GRP,CFK07,15960,10,0.304,0.15328
2024,ACR CERV,NCRMP_GRP,CFK07,15960,28,0,0
2024,ACR PALM,NCRMP_GRP,CFK07,15960,28,0,0
2024,AGA AGAR,NCRMP_GRP,CFK07,15960,28,0,0
2024,AGA HUMI,NCRMP_GRP,CFK07,15960,28,0,0
2024,AGA LAMA,NCRMP_GRP,CFK07,15960,28,0,0
2024,AGA SPE.,NCRMP_GRP,CFK07,15960,28,0,0
2024,BAR SUB.,NCRMP_GRP,CFK07,15960,28,0.1675,0.0718
2024,CLI SPE.,NCRMP_GRP,CFK07,15960,28,0.00107,0.00629
2024,COL NATA,NCRMP_GRP,CFK07,15960,28,0,0
2024,CYA SPE.,NCRMP_GRP,CFK07,15960,28,0.02036,0.02715
2024,DIC SPE.,NCRMP_GRP,CFK07,15960,28,0.17571,0.07318
2024,DIC STOK,NCRMP_GRP,CFK07,15960,28,0,0
2024,DIP LABY,NCRMP_GRP,CFK07,15960,28,0,0
2024,DIP SPE.,NCRMP_GRP,CFK07,15960,28,0,0
2024,EUS FAST,NCRMP_GRP,CFK07,15960,28,0,0
2024,GOR ENCR,NCRMP_GRP,CFK07,15960,28,0.005,0.01356
2024,GOR GORG,NCRMP_GRP,CFK07,15960,28,0.02143,0.02784
2024,HAL SPE.,NCRMP_GRP,CFK07,15960,28,0.01321,0.02196
2024,HEL CUCU,NCRMP_GRP,CFK07,15960,28,0,0
2024,ISO SINU,NCRMP_GRP,CFK07,15960,28,0,0
2024,LOB SPE.,NCRMP_GRP,CFK07,15960,28,0.01,0.01913
2024,MAC CALC,NCRMP_GRP,CFK07,15960,28,0.02,0.02692
2024,MAC FLES,NCRMP_GRP,CFK07,15960,28,0.04893,0.04148
2024,MAD DECA,NCRMP_GRP,CFK07,15960,28,0,0
2024,MAG SPE.,NCRMP_GRP,CFK07,15960,28,0,0
2024,MAN AREO,NCRMP_GRP,CFK07,15960,28,0,0
2024,MEA MEAN,NCRMP_GRP,CFK07,15960,28,0,0
2024,MIL SPE.,NCRMP_GRP,CFK07,15960,28,0.00357,0.01147
2024,MON CAVE,NCRMP_GRP,CFK07,15960,28,0.00107,0.00629
2024,MYC ALIC,NCRMP_GRP,CFK07,15960,28,3.6e-4,0.00363
2024,ORB ANCX,NCRMP_GRP,CFK07,15960,28,0,0
2024,ORB ANNU,NCRMP_GRP,CFK07,15960,28,0,0
2024,ORB FAVE,NCRMP_GRP,CFK07,15960,28,0.0025,0.0096
2024,ORB FRAN,NCRMP_GRP,CFK07,15960,28,0,0
2024,OTH CORA,NCRMP_GRP,CFK07,15960,28,0,0
2024,OTH SPE.,NCRMP_GRP,CFK07,15960,28,7.1e-4,0.00514
2024,PAL SPE.,NCRMP_GRP,CFK07,15960,28,0.01,0.01913
2024,PEY SPE.,NCRMP_GRP,CFK07,15960,28,0.005,0.01356
2024,POR ASTR,NCRMP_GRP,CFK07,15960,28,0.0025,0.0096
2024,POR DIVA,NCRMP_GRP,CFK07,15960,28,0,0
2024,POR PORI,NCRMP_GRP,CFK07,15960,28,0,0
2024,POR SPE.,NCRMP_GRP,CFK07,15960,28,0,0
2024,PSE CLIV,NCRMP_GRP,CFK07,15960,28,0,0
2024,PSE STRI,NCRMP_GRP,CFK07,15960,28,3.6e-4,0.00363
2024,RAM SPE.,NCRMP_GRP,CFK07,15960,28,0.00179,0.00812
2024,RHO CRUS,NCRMP_GRP,CFK07,15960,28,0.02429,0.0296
2024,SID RADI,NCRMP_GRP,CFK07,15960,28,3.6e-4,0.00363
2024,SID SIDE,NCRMP_GRP,CFK07,15960,28,0.01429,0.02282
2024,SOL BOUR,NCRMP_GRP,CFK07,15960,28,0,0
2024,SOL SPE.,NCRMP_GRP,CFK07,15960,28,0,0
2024,SPO OTHE,NCRMP_GRP,CFK07,15960,28,0.05214,0.04275
2024,STE INTE,NCRMP_GRP,CFK07,15960,28,0.00393,0.01203
2024,TUR FREE,NCRMP_GRP,CFK07,15960,28,0.03107,0.03336
2024,TUR SEDI,NCRMP_GRP,CFK07,15960,28,0.36286,0.09245
