"REGION","PRIMARY_SAMPLE_UNIT","STATION_NR","YEAR","MONTH","DAY","HABITAT_CD","STRAT","RUGOSITY_CD","WTD_RUG","MEAN_RUG","LAT_DEGREES","LON_DEGREES","MAPGRID_NR","SUB_REGION_NAME","SUB_REGION_NR","ZONE_NAME","ZONE_NR","MPA_NAME","MPA_NR","ADMIN","PROT","DEPTH_STRAT","MIN_DEPTH","MAX_DEPTH","METERS_COMPLETED","LOBSTER_NUM","CONCH_NUM","DIADEMA_NUM","A_PALMATA","A_CERVICORNIS","D_CYLINDRUS","M_FEROX","O_ANNULARIS","O_FRANKSI","O_FAVEOLATA"
"FLK",8055,1,2024,8,25,"SPGR_HR","CFK05",NA,NA,0.773333333333333,24.45966,-81.84396,1932054,"Lower Keys",8,"Forereef",4,"East_Dry_Rocks",21,NA,1,"CD1",5.48639982443521,5.79119981468161,15,0,0,0,"A","A","A","A","PT","A","A"
"FLK",8056,1,2024,8,25,"SPGR_LR","CFK05",NA,NA,0.286666666666667,24.46006,-81.84296,1932922,"Lower Keys",8,"Forereef",4,"East_Dry_Rocks",21,NA,1,"CD1",4.2671998634496,4.8767998439424,15,0,0,0,"A","A","A","A","A","A","A"
"FLK",8191,1,2024,8,25,"SPGR_LR","CFK06",NA,NA,0.102,24.46193,-81.84039,1936447,"Lower Keys",8,"Forereef",4,"East_Dry_Rocks",21,NA,1,"CD2",5.79119981468161,6.40079979517441,15,0,0,0,"A","A","A","A","A","A","A"
"FLK",8059,1,2024,8,26,"SPGR_HR","CFK05",NA,NA,0.860666666666667,24.54549,-81.40946,2167787,"Lower Keys",8,"Forereef",4,"Looe_Key",16,NA,1,"CD1",2.7431999122176,5.79119981468161,15,0,0,0,"A","A","A","A","A","A","A"
"FLK",8090,1,2024,8,25,"SPGR_LR","CFK06",NA,NA,0.0846666666666667,24.4596,-81.84245,1932057,"Lower Keys",8,"Forereef",4,"Unprotected",0,NA,0,"CD2",7.01039977566721,7.61999975616001,15,0,0,0,"A","A","A","A","A","A","A"
"FLK",8092,1,2024,8,25,"SPGR_LR","CFK07",NA,NA,0.27,24.45869,-81.84345,1930331,"Lower Keys",8,"Forereef",4,"Unprotected",0,NA,0,"CD2",8.53439972689921,9.44879969763841,15,0,0,0,"A","A","A","A","A","A","PS"
"FLK",8192,1,2024,8,25,"SPGR_MR","CFK07",NA,NA,0.335333333333333,24.46016,-81.84087,1932926,"Lower Keys",8,"Forereef",4,"Unprotected",0,NA,0,"CD2",9.14399970739201,10.0583996781312,15,0,0,0,"A","A","A","A","PT","A","PT"
"FLK",8356,1,2024,8,25,"SPGR_LR","CFK06",NA,NA,0.116666666666667,24.4592,-81.84196,1931192,"Lower Keys",8,"Forereef",4,"Unprotected",0,NA,0,"CD2",8.83919971714561,9.44879969763841,15,0,0,0,"A","A","A","A","A","A","A"
"FLK",8072,1,2024,8,26,"SPGR_MR","CFK07",NA,NA,0.38,24.54502,-81.4061,2166136,"Lower Keys",8,"Forereef",4,"Looe_Key",16,NA,1,"CD2",7.92479974640641,8.53439972689921,15,0,0,0,"A","A","A","A","A","A","A"
"FLK",8195,1,2024,8,26,"SPGR_MR","CFK07",NA,NA,0.608666666666667,24.54626,-81.40404,2171120,"Lower Keys",8,"Forereef",4,"Looe_Key",16,NA,1,"CD2",5.18159983418881,7.92479974640641,15,0,0,0,"A","A","A","A","A","A","PT"
"FLK",8057,1,2024,8,26,"SPGR_MR","CFK05",NA,NA,0.390666666666667,24.54676,-81.40457,2172783,"Lower Keys",8,"Forereef",4,"Looe_Key",16,NA,1,"CD1",1.8287999414784,2.7431999122176,15,0,0,0,"A","A","A","A","A","A","A"
"FLK",8058,1,2024,8,26,"SPGR_MR","CFK05",NA,NA,0.614,24.54678,-81.40313,2172786,"Lower Keys",8,"Forereef",4,"Looe_Key",16,NA,1,"CD1",3.6575998829568,5.18159983418881,15,0,0,0,"A","A","A","A","A","A","PT"
"FLK",8096,1,2024,8,26,"SPGR_MR","CFK07",NA,NA,0.333333333333333,24.54683,-81.40079,2172791,"Lower Keys",8,"Forereef",4,"Looe_Key",16,NA,1,"CD2",7.01039977566721,7.92479974640641,15,0,0,0,"A","A","A","A","A","A","A"
"FLK",8157,1,2024,8,26,"SPGR_HR","CFK05",NA,NA,0.852666666666667,24.54681,-81.40363,2172785,"Lower Keys",8,"Forereef",4,"Looe_Key",16,NA,1,"CD1",3.047999902464,5.18159983418881,15,0,0,0,"A","A","A","A","A","A","PS"
"FLK",8325,1,2024,8,27,"SPGR_HR","CFK05",NA,NA,1.422,24.62588,-81.11142,2509193,"Middle Keys",9,"Forereef",4,"Sombrero",15,NA,1,"CD1",2.4383999219712,4.571999853696,15,0,0,0,"A","A","A","A","A","A","A"
"FLK",8326,1,2024,8,27,"SPGR_HR","CFK05",NA,NA,0.761333333333333,24.62629,-81.10989,2511282,"Middle Keys",9,"Forereef",4,"Sombrero",15,NA,1,"CD1",2.4383999219712,4.8767998439424,15,0,0,0,"A","A","A","A","A","A","PT"
"FLK",8060,1,2024,8,27,"SPGR_MR","CFK05",NA,NA,0.55,24.62632,-81.11043,2511281,"Middle Keys",9,"Forereef",4,"Sombrero",15,NA,1,"CD1",1.523999951232,2.4383999219712,15,0,0,0,"A","A","A","A","A","A","A"
"FLK",8075,1,2024,8,27,"SPGR_LR","CFK06",NA,NA,0.213333333333333,24.62488,-81.11191,2505028,"Middle Keys",9,"Forereef",4,"Sombrero",15,NA,1,"CD2",7.31519976591361,7.31519976591361,15,0,0,0,"A","A","A","A","A","A","A"
"FLK",8074,1,2024,8,27,"SPGR_LR","CFK06",NA,NA,0.192,24.62589,-81.10961,2509197,"Middle Keys",9,"Forereef",4,"Sombrero",15,NA,1,"CD2",6.70559978542081,7.01039977566721,15,0,0,0,"A","A","A","A","A","A","A"
"FLK",8174,1,2024,8,27,"SPGR_LR","CFK06",NA,NA,0.168,24.62586,-81.10898,2509198,"Middle Keys",9,"Forereef",4,"Sombrero",15,NA,1,"CD2",7.31519976591361,8.22959973665281,15,0,1,0,"A","A","A","A","A","A","A"
"FLK",8099,1,2024,8,27,"SPGR_LR","CFK06",NA,NA,0.182,24.62624,-81.108,2511286,"Middle Keys",9,"Forereef",4,"Sombrero",15,NA,1,"CD2",7.31519976591361,7.92479974640641,15,0,0,0,"A","A","A","A","A","A","A"
"FLK",8153,1,2024,8,25,"SPGR_MR","CFK05",NA,NA,0.512666666666667,24.45962,-81.84538,1932051,"Lower Keys",8,"Forereef",4,"East_Dry_Rocks",21,NA,1,"CD1",3.047999902464,4.8767998439424,15,0,0,0,"A","A","A","A","A","A","PT"
"FLK",8098,1,2024,8,26,"SPGR_MR","CFK07",NA,NA,0.39,24.5464,-81.4017,2171125,"Lower Keys",8,"Forereef",4,"Looe_Key",16,NA,1,"CD2",7.61999975616001,8.22959973665281,15,1,0,0,"A","A","A","A","A","A","A"
"FLK",8097,1,2024,8,26,"SPGR_LR","CFK06",NA,NA,0.173333333333333,24.5459,-81.40217,2169460,"Lower Keys",8,"Forereef",4,"Looe_Key",16,NA,1,"CD2",7.92479974640641,7.92479974640641,15,0,0,0,"A","A","A","A","A","A","A"
"FLK",8155,1,2024,8,25,"SPGR_MR","CFK05",NA,NA,0.573333333333333,24.46233,-81.84191,1937336,"Lower Keys",8,"Forereef",4,"East_Dry_Rocks",21,NA,1,"CD1",1.2191999609856,2.1335999317248,15,0,0,0,"A","A","A","A","A","A","A"
"FLK",8283,1,2024,8,25,"SPGR_LR","CFK04",NA,NA,0.228,24.46341,-81.84234,1939127,"Lower Keys",8,"Forereef",4,"East_Dry_Rocks",21,NA,1,"CD1",1.523999951232,1.8287999414784,15,0,0,0,"A","A","A","A","A","A","A"
"FLK",8054,1,2024,8,25,"SPGR_HR","CFK05",NA,NA,0.983333333333333,24.46014,-81.84536,1932917,"Lower Keys",8,"Forereef",4,"East_Dry_Rocks",21,NA,1,"CD1",0.609599980492801,2.7431999122176,15,0,0,0,"A","A","A","A","A","A","A"
"FLK",8284,1,2024,8,25,"SPGR_LR","CFK05",NA,NA,0.273333333333333,24.46326,-81.84143,1939129,"Lower Keys",8,"Forereef",4,"East_Dry_Rocks",21,NA,1,"CD1",1.8287999414784,2.4383999219712,15,0,0,0,"A","A","A","A","A","A","A"
"FLK",8358,1,2024,8,26,"SPGR_MR","CFK07",NA,NA,0.406666666666667,24.54641,-81.39965,2171129,"Lower Keys",8,"Forereef",4,"Looe_Key",16,NA,1,"CD2",8.22959973665281,8.53439972689921,15,0,0,0,"A","A","A","A","A","A","A"
"FLK",8094,1,2024,8,26,"SPGR_LR","CFK07",NA,NA,0.278,24.54362,-81.40951,2161203,"Lower Keys",8,"Forereef",4,"Looe_Key",16,NA,1,"CD2",10.3631996683776,11.8871996196096,15,0,0,0,"A","A","A","A","A","A","PS"
"FLK",8121,1,2024,8,28,"ISOL_MR","CFK03",NA,NA,0.313333333333333,25.21311,-80.21904,3842258,"Upper Keys",11,"Offshore Patch Reef",3,"Carysfort",1,NA,1,"CD0",5.48639982443521,6.09599980492801,15,0,0,0,"A","A","A","A","A","A","A"
"FLK",8067,1,2024,8,28,"CONT_LR","CFK04",NA,NA,0.173333333333333,25.21639,-80.21851,3845051,"Upper Keys",11,"Forereef",4,"Carysfort",1,NA,1,"CD1",5.79119981468161,6.09599980492801,15,0,0,0,"A","A","A","A","A","A","A"
"FLK",8152,1,2024,8,29,"SPGR_MR","CFK05",NA,NA,0.594,25.20799,-80.21998,3837700,"Upper Keys",11,"Forereef",4,"Carysfort",1,NA,1,"CD1",4.571999853696,6.40079979517441,15,0,0,0,"A","A","A","A","A","A","PS"
"FLK",8149,1,2024,8,28,"SPGR_HR","CFK05",NA,NA,1.01666666666667,25.21217,-80.21798,3841444,"Upper Keys",11,"Forereef",4,"Carysfort",1,NA,1,"CD1",2.7431999122176,5.18159983418881,15,0,0,0,"A","A","A","A","A","A","PT"
"FLK",8313,1,2024,8,28,"SPGR_HR","CFK05",NA,NA,1.03666666666667,25.21043,-80.2185,3839797,"Upper Keys",11,"Forereef",4,"Carysfort",1,NA,1,"CD1",3.047999902464,5.48639982443521,15,0,0,0,"A","A","A","A","A","A","A"
"FLK",8386,1,2024,8,29,"SPGR_MR","CFK07",NA,NA,0.56,25.20672,-80.22055,3836423,"Upper Keys",11,"Forereef",4,"Carysfort",1,NA,1,"CD2",7.01039977566721,8.22959973665281,15,0,0,0,"A","A","A","A","PT","A","PT"
"FLK",8089,1,2024,8,29,"SPGR_MR","CFK07",NA,NA,0.596666666666667,25.21174,-80.2176,3841037,"Upper Keys",11,"Forereef",4,"Carysfort",1,NA,1,"CD2",7.61999975616001,7.61999975616001,15,0,0,0,"A","A","A","A","A","A","A"
"FLK",8392,1,2024,8,29,"SPGR_HR","CFK05",NA,NA,0.79,25.20813,-80.2196,3837701,"Upper Keys",11,"Forereef",4,"Carysfort",1,NA,1,"CD1",4.8767998439424,6.40079979517441,15,0,0,0,"A","PT","A","A","A","A","A"
"FLK",8389,1,2024,8,29,"SPGR_HR","CFK07",NA,NA,0.716666666666667,25.20716,-80.22058,3836851,"Upper Keys",11,"Forereef",4,"Carysfort",1,NA,1,"CD2",4.8767998439424,8.22959973665281,15,0,0,0,"A","A","A","A","PS","A","PS"
"FLK",8391,1,2024,8,29,"SPGR_HR","CFK07",NA,NA,0.806666666666667,25.20681,-80.22109,3836422,"Upper Keys",11,"Forereef",4,"Carysfort",1,NA,1,"CD2",6.70559978542081,7.31519976591361,15,0,0,0,"A","PT","A","A","PT","A","PT"
"FLK",8306,1,2024,8,30,"SPGR_HR","CFK05",NA,NA,0.753333333333333,25.22571,-80.20854,3853387,"Upper Keys",11,"Forereef",4,"Carysfort",1,NA,1,"CD1",2.4383999219712,4.8767998439424,15,0,0,0,"A","A","A","A","A","A","A"
"FLK",8146,1,2024,8,30,"SPGR_MR","CFK05",NA,NA,0.56,25.22524,-80.20905,3852990,"Upper Keys",11,"Forereef",4,"Carysfort",1,NA,1,"CD1",1.8287999414784,3.047999902464,15,0,0,0,"A","PT","A","A","A","A","A"
"FLK",8048,1,2024,8,30,"SPGR_MR","CFK05",NA,NA,0.556666666666667,25.22432,-80.20955,3852197,"Upper Keys",11,"Forereef",4,"Carysfort",1,NA,1,"CD1",1.8287999414784,3.047999902464,15,0,0,0,"A","A","A","A","A","A","A"
"FLK",8147,1,2024,8,30,"SPGR_HR","CFK05",NA,NA,0.78,25.22431,-80.20905,3852198,"Upper Keys",11,"Forereef",4,"Carysfort",1,NA,1,"CD1",1.8287999414784,4.8767998439424,15,0,0,0,"A","A","A","A","A","A","A"
"FLK",8145,1,2024,8,30,"SPGR_MR","CFK05",NA,NA,0.59,25.22347,-80.20999,3851408,"Upper Keys",11,"Forereef",4,"Carysfort",1,NA,1,"CD1",3.6575998829568,3.6575998829568,15,0,0,0,"A","A","A","A","A","A","A"
"FLK",8302,1,2024,8,30,"SPGR_HR","CFK05",NA,NA,1.16,25.22301,-80.21003,3851014,"Upper Keys",11,"Forereef",4,"Carysfort",1,NA,1,"CD1",4.571999853696,4.571999853696,15,0,0,0,"A","A","A","A","A","A","A"
"FLK",8077,1,2024,8,31,"SPGR_HR","CFK07",NA,NA,1.24333333333333,25.2185,-80.21521,3847040,"Upper Keys",11,"Forereef",4,"Carysfort",1,NA,1,"CD2",6.40079979517441,6.40079979517441,15,1,0,0,"A","A","A","A","PT","A","PS"
"FLK",8123,1,2024,8,30,"SPGR_HR","CFK03",NA,NA,1.24333333333333,25.20939,-80.21904,3838968,"Upper Keys",11,"Offshore Patch Reef",3,"Carysfort",1,NA,1,"CD0",3.047999902464,4.8767998439424,15,0,0,0,"A","A","A","A","A","A","A"
"FLK",8298,1,2024,8,31,"SPGR_HR","CFK05",NA,NA,0.803333333333333,25.22164,-80.21049,3849831,"Upper Keys",11,"Forereef",4,"Carysfort",1,NA,1,"CD1",2.7431999122176,4.571999853696,15,0,0,0,"A","A","A","A","A","A","PT"
"FLK",8181,1,2024,8,31,"SPGR_MR","CFK07",NA,NA,0.283333333333333,25.21718,-80.21355,3845853,"Upper Keys",11,"Forereef",4,"Carysfort",1,NA,1,"CD2",9.14399970739201,10.0583996781312,15,0,0,0,"A","A","A","A","A","A","A"
"FLK",8115,1,2024,9,1,"ISOL_HR","CFK02",NA,NA,1.38571428571429,24.90449,-80.61555,3462289,"Mid-Upper Keys Transition",10,"Mid Channel",2,"Cheeca_Rocks",11,NA,1,"CD0",2.4383999219712,4.571999853696,15,0,0,0,"A","A","A","A","PS","A","PT"
"FLK",8017,1,2024,9,1,"ISOL_HR","CFK02",NA,NA,1.03133333333333,24.89638,-80.61802,3450252,"Mid-Upper Keys Transition",10,"Mid Channel",2,"Unprotected",0,NA,0,"CD0",3.047999902464,4.2671998634496,15,0,0,0,"A","A","A","A","PT","A","PT"
"FLK",8091,1,2024,8,25,"SPGR_LR","CFK07",NA,NA,0.264,24.45868,-81.84397,1930330,"Lower Keys",8,"Forereef",4,"Unprotected",0,NA,0,"CD2",8.22959973665281,8.83919971714561,15,0,0,0,"A","A","A","A","A","PT","PT"
"FLK",8189,1,2024,8,28,"SPGR_MR","CFK07",NA,NA,0.570666666666667,25.21715,-80.21656,3845847,"Upper Keys",11,"Forereef",4,"Carysfort",1,NA,1,"CD2",5.48639982443521,7.31519976591361,15,0,0,0,"A","A","A","A","A","A","PT"
"FLK",8185,1,2024,8,28,"SPGR_HR","CFK07",NA,NA,0.801333333333333,25.21314,-80.21699,3842262,"Upper Keys",11,"Forereef",4,"Carysfort",1,NA,1,"CD2",6.40079979517441,7.31519976591361,15,0,0,0,"A","A","A","A","PT","A","PT"
"FLK",8312,1,2024,8,28,"SPGR_MR","CFK05",NA,NA,0.462,25.21085,-80.21849,3840211,"Upper Keys",11,"Forereef",4,"Carysfort",1,NA,1,"CD1",2.1335999317248,3.3527998927104,15,0,0,0,"A","A","A","A","A","A","A"
"FLK",8186,1,2024,8,29,"SPGR_HR","CFK05",NA,NA,0.824666666666667,25.20634,-80.22202,3835992,"Upper Keys",11,"Forereef",4,"Carysfort",1,NA,1,"CD1",3.6575998829568,5.79119981468161,15,0,0,0,"A","A","A","A","A","A","PS"
"FLK",8238,1,2024,8,29,"CONT_MR","CFK03",NA,NA,0.31,25.20727,-80.22203,3836848,"Upper Keys",11,"Offshore Patch Reef",3,"Carysfort",1,NA,1,"CD0",1.523999951232,2.1335999317248,15,0,0,0,"A","A","A","A","A","A","A"
"FLK",8240,1,2024,8,30,"SPGR_MR","CFK03",NA,NA,0.512,25.20908,-80.21947,3838545,"Upper Keys",11,"Offshore Patch Reef",3,"Carysfort",1,NA,1,"CD0",2.1335999317248,3.3527998927104,15,0,0,0,"A","A","A","A","A","A","A"
"FLK",8050,1,2024,8,30,"SPGR_LR","CFK05",NA,NA,0.263333333333333,25.21132,-80.21951,3840625,"Upper Keys",11,"Forereef",4,"Carysfort",1,NA,1,"CD1",2.7431999122176,3.3527998927104,15,0,0,0,"A","A","A","A","PS","A","A"
"FLK",8131,1,2024,8,30,"SPGR_MR","CFK05",NA,NA,0.334,25.22479,-80.21002,3852592,"Upper Keys",11,"Forereef",4,"Carysfort",1,NA,1,"CD1",1.523999951232,2.1335999317248,15,0,0,0,"A","A","A","A","A","A","A"
"FLK",8297,1,2024,8,30,"RUBB_MR","CFK05",NA,NA,0.351333333333333,25.22438,-80.21108,3852194,"Upper Keys",11,"Forereef",4,"Carysfort",1,NA,1,"CD1",2.1335999317248,2.7431999122176,15,0,0,0,"A","A","A","A","PT","A","A"
"FLK",8084,1,2024,8,31,"SPGR_MR","CFK07",NA,NA,0.61,25.21942,-80.21101,3847844,"Upper Keys",11,"Forereef",4,"Carysfort",1,NA,1,"CD2",5.79119981468161,7.31519976591361,15,0,0,0,"A","A","A","A","A","A","PS"
"FLK",8080,1,2024,8,31,"SPGR_MR","CFK07",NA,NA,0.310666666666667,25.2244,-80.208,3852200,"Upper Keys",11,"Forereef",4,"Carysfort",1,NA,1,"CD2",7.31519976591361,8.83919971714561,15,0,0,0,"A","A","A","A","A","PS","A"
"FLK",8382,1,2024,8,31,"SPGR_MR","CFK07",NA,NA,0.430666666666667,25.22302,-80.209,3851016,"Upper Keys",11,"Forereef",4,"Carysfort",1,NA,1,"CD2",5.79119981468161,6.40079979517441,15,0,0,0,"A","A","A","A","A","A","A"
"FLK",8018,1,2024,9,1,"ISOL_MR","CFK02",NA,NA,0.63,24.89689,-80.61702,3450914,"Mid-Upper Keys Transition",10,"Mid Channel",2,"Unprotected",0,NA,0,"CD0",2.7431999122176,4.2671998634496,15,1,0,0,"A","A","A","A","PT","A","PT"
"FLK",8183,1,2024,8,31,"SPGR_HR","CFK07",NA,NA,1.6,25.21898,-80.21147,3847445,"Upper Keys",11,"Forereef",4,"Carysfort",1,NA,1,"CD2",6.09599980492801,6.09599980492801,15,0,0,0,"A","A","A","A","A","A","A"
"FLK",8116,1,2024,9,1,"ISOL_HR","CFK02",NA,NA,0.953333333333333,24.90403,-80.61806,3461604,"Mid-Upper Keys Transition",10,"Mid Channel",2,"Cheeca_Rocks",11,NA,1,"CD0",2.4383999219712,4.571999853696,15,0,0,0,"A","A","A","A","PT","A","PT"
"FLK",8329,1,2024,8,28,"SPGR_HR","CFK07",NA,NA,1.00333333333333,25.21948,-80.21648,3847833,"Upper Keys",11,"Forereef",4,"Carysfort",1,NA,1,"CD2",8.22959973665281,8.22959973665281,15,0,0,0,"A","A","A","A","A","A","PT"
"FLK",8253,1,2024,8,28,"CONT_MR","CFK05",NA,NA,0.44,25.22665,-80.2115,3854167,"Upper Keys",11,"Forereef",4,"Carysfort",1,NA,1,"CD1",4.571999853696,4.571999853696,15,0,0,0,"A","A","A","A","A","A","A"
"FLK",8176,1,2024,8,28,"SPGR_LR","CFK05",NA,NA,0.163333333333333,25.21811,-80.21398,3846644,"Upper Keys",11,"Forereef",4,"Carysfort",1,NA,1,"CD1",5.48639982443521,5.48639982443521,15,0,0,0,"A","A","A","A","A","A","A"
"FLK",8367,1,2024,8,28,"SPGR_LR","CFK04",NA,NA,0.111333333333333,25.21803,-80.21352,3846645,"Upper Keys",11,"Forereef",4,"Carysfort",1,NA,1,"CD1",5.18159983418881,5.18159983418881,15,0,0,0,"A","A","A","A","A","A","A"
"FLK",8087,1,2024,8,29,"SPGR_MR","CFK07",NA,NA,0.636666666666667,25.20901,-80.21861,3838547,"Upper Keys",11,"Forereef",4,"Carysfort",1,NA,1,"CD2",7.31519976591361,7.31519976591361,15,0,0,0,"A","A","A","A","PT","A","PT"
"FLK",8020,1,2024,9,1,"ISOL_HR","CFK02",NA,NA,1.24666666666667,24.89724,-80.62149,3451561,"Mid-Upper Keys Transition",10,"Mid Channel",2,"Unprotected",0,NA,0,"CD0",2.1335999317248,4.8767998439424,15,0,0,0,"A","A","A","A","PT","A","PT"
"FLK",8388,1,2024,8,30,"SPGR_LR","CFK07",NA,NA,0.297333333333333,25.21357,-80.21605,3842664,"Upper Keys",11,"Forereef",4,"Carysfort",1,NA,1,"CD2",8.22959973665281,8.22959973665281,15,0,0,0,"A","A","A","A","A","A","A"
"FLK",8114,1,2024,9,1,"ISOL_HR","CFK02",NA,NA,1.24,24.89636,-80.61955,3450249,"Mid-Upper Keys Transition",10,"Mid Channel",2,"Unprotected",0,NA,0,"CD0",4.2671998634496,4.2671998634496,15,0,0,0,"A","A","A","A","PT","A","PT"
"FLK",8110,1,2024,9,1,"ISOL_HR","CFK02",NA,NA,1.23333333333333,24.89774,-80.61802,3452226,"Mid-Upper Keys Transition",10,"Mid Channel",2,"Unprotected",0,NA,0,"CD0",4.571999853696,4.571999853696,15,0,0,0,"A","A","A","A","PT","A","PT"
"FLK",8021,1,2024,9,1,"ISOL_HR","CFK02",NA,NA,1.06666666666667,24.89729,-80.61838,3451567,"Mid-Upper Keys Transition",10,"Mid Channel",2,"Unprotected",0,NA,0,"CD0",4.2671998634496,4.2671998634496,15,0,1,0,"A","A","A","A","PT","A","PS"
"FLK",8012,1,2024,9,1,"ISOL_HR","CFK02",NA,NA,1.05,24.89683,-80.61849,3450911,"Mid-Upper Keys Transition",10,"Mid Channel",2,"Unprotected",0,NA,0,"CD0",4.2671998634496,4.2671998634496,15,0,0,0,"A","A","A","A","PT","A","PT"
"FLK",8019,1,2024,9,1,"ISOL_HR","CFK02",NA,NA,1.12666666666667,24.89683,-80.62053,3450907,"Mid-Upper Keys Transition",10,"Mid Channel",2,"Unprotected",0,NA,0,"CD0",4.571999853696,4.571999853696,15,0,0,0,"A","A","A","A","PT","A","PT"
"FLK",8013,1,2024,9,1,"ISOL_HR","CFK02",NA,NA,1,24.89684,-80.62004,3450908,"Mid-Upper Keys Transition",10,"Mid Channel",2,"Unprotected",0,NA,0,"CD0",4.571999853696,4.571999853696,15,0,0,0,"A","A","A","A","PT","A","PT"
"FLK",8079,1,2024,8,31,"SPGR_MR","CFK07",NA,NA,0.306666666666667,25.21897,-80.21183,3847444,"Upper Keys",11,"Forereef",4,"Carysfort",1,NA,1,"CD2",7.92479974640641,7.92479974640641,15,0,0,0,"A","A","A","A","PT","A","PS"
"FLK",8211,1,2024,9,2,"ISOL_HR","CFK01",NA,NA,0.73,24.61518,-81.38414,2459731,"Lower Keys",8,"Inshore",1,"Unprotected",0,NA,0,"CD0",3.3527998927104,5.48639982443521,15,0,0,0,"A","A","A","A","PT","A","A"
"FLK",8007,1,2024,9,2,"ISOL_MR","CFK01",NA,NA,0.593333333333333,24.61588,-81.39077,2463949,"Lower Keys",8,"Inshore",1,"Newfound_Harbor",18,NA,1,"CD0",1.523999951232,2.4383999219712,15,0,0,0,"A","A","A","A","PT","A","PT"
"FLK",8202,1,2024,9,2,"ISOL_HR","CFK01",NA,NA,NA,24.61784,-81.38011,2472501,"Lower Keys",8,"Inshore",1,"Unprotected",0,NA,0,"CD0",1.8287999414784,2.4383999219712,15,0,0,0,"A","A","A","A","PT","A","A"
"FLK",8005,1,2024,9,2,"ISOL_HR","CFK01",NA,NA,1.13333333333333,24.61461,-81.39344,2457598,"Lower Keys",8,"Inshore",1,"Newfound_Harbor",18,NA,1,"CD0",1.523999951232,4.571999853696,15,0,1,0,"A","A","A","A","A","A","PT"
"FLK",8100,1,2024,9,2,"ISOL_HR","CFK01",NA,NA,1.11133333333333,24.61459,-81.39289,2457599,"Lower Keys",8,"Inshore",1,"Newfound_Harbor",18,NA,1,"CD0",1.8287999414784,3.3527998927104,15,0,0,0,"A","A","A","A","PT","A","PT"
"FLK",8104,1,2024,9,2,"ISOL_MR","CFK01",NA,NA,0.408,24.61401,-81.39243,2455492,"Lower Keys",8,"Inshore",1,"Newfound_Harbor",18,NA,1,"CD0",3.9623998732032,4.8767998439424,15,0,0,0,"A","A","A","A","PS","A","PT"
"FLK",8002,1,2024,9,2,"CONT_LR","CFK01",NA,NA,0.0853333333333333,24.61359,-81.39339,2453382,"Lower Keys",8,"Inshore",1,"Newfound_Harbor",18,NA,1,"CD0",4.2671998634496,4.571999853696,15,0,0,0,"A","A","A","A","A","A","A"
"FLK",8009,1,2024,9,2,"ISOL_MR","CFK01",NA,NA,0.33,24.61422,-81.39231,2455492,"Lower Keys",8,"Inshore",1,"Newfound_Harbor",18,NA,1,"CD0",3.9623998732032,4.571999853696,15,0,0,0,"A","A","A","A","A","A","PT"
"FLK",8102,1,2024,9,2,"ISOL_HR","CFK01",NA,NA,0.73,24.61458,-81.37965,2457626,"Lower Keys",8,"Inshore",1,"Unprotected",0,NA,0,"CD0",3.3527998927104,5.48639982443521,15,0,0,0,"A","A","A","A","PT","A","PT"
"FLK",8200,1,2024,9,2,"ISOL_HR","CFK01",NA,NA,1.08333333333333,24.61463,-81.38071,2457624,"Lower Keys",8,"Inshore",1,"Unprotected",0,NA,0,"CD0",3.9623998732032,5.48639982443521,15,1,0,0,"A","A","A","A","PT","A","PT"
"FLK",8305,1,2024,9,18,"SPGR_MR","CFK05",NA,NA,0.413333333333333,25.22076,-80.21102,3849038,"Upper Keys",11,"Forereef",4,"Carysfort",1,NA,1,"CD1",1.523999951232,1.523999951232,15,0,0,1,"A","A","A","A","A","A","A"
"FLK",8136,1,2024,9,18,"SPGR_LR","CFK05",NA,NA,0.263333333333333,25.22032,-80.212,3848640,"Upper Keys",11,"Forereef",4,"Carysfort",1,NA,1,"CD1",4.571999853696,4.571999853696,15,0,0,0,"A","A","A","A","A","A","A"
"FLK",8126,1,2024,9,18,"SPGR_MR","CFK03",NA,NA,0.55,25.14037,-80.29441,3767845,"Upper Keys",11,"Offshore Patch Reef",3,"Unprotected",0,NA,0,"CD0",3.6575998829568,5.79119981468161,15,0,0,0,"A","A","A","A","A","A","A"
"FLK",8252,1,2024,9,18,"SPGR_HR","CFK03",NA,NA,0.823333333333333,25.13993,-80.29438,3767335,"Upper Keys",11,"Offshore Patch Reef",3,"Unprotected",0,NA,0,"CD0",3.3527998927104,5.79119981468161,15,0,0,0,"A","A","A","A","A","A","A"
"FLK",8246,1,2024,9,18,"SPGR_MR","CFK03",NA,NA,0.683333333333333,25.13897,-80.29486,3766314,"Upper Keys",11,"Offshore Patch Reef",3,"Unprotected",0,NA,0,"CD0",4.8767998439424,4.8767998439424,15,0,0,0,"A","A","A","A","A","A","A"
"FLK",8173,1,2024,8,26,"SPGR_LR","CFK06",NA,NA,0.186666666666667,24.54539,-81.40465,2167797,"Lower Keys",8,"Forereef",4,"Looe_Key",16,NA,1,"CD2",7.61999975616001,8.22959973665281,15,0,0,0,"A","A","A","A","A","A","A"
"FLK",8076,1,2024,8,31,"SPGR_HR","CFK07",NA,NA,NA,25.22167,-80.20995,3849832,"Upper Keys",11,"Forereef",4,"Carysfort",1,NA,1,"CD2",5.79119981468161,7.01039977566721,15,0,0,0,"A","A","A","A","A","A","PS"
"FLK",8078,1,2024,8,31,"SPGR_MR","CFK07",NA,NA,0.448666666666667,25.22751,-80.20597,3854966,"Upper Keys",11,"Forereef",4,"Carysfort",1,NA,1,"CD2",5.79119981468161,7.31519976591361,15,0,0,0,"A","A","A","A","PT","A","A"
"FLK",1259,1,2024,6,23,"CONT_MR","CFK11",NA,NA,0.696666666666667,24.46163,-81.75029,1934858,"Lower Keys",8,"Forereef",4,"Unprotected",0,NA,0,"CD4",22.85999926848,28.955999073408,15,0,0,0,"A","A","A","A","A","A","A"
"FLK",1396,1,2024,6,23,"SPGR_HR","CFK09",NA,NA,1.02333333333333,24.47744,-81.72008,1968207,"Lower Keys",8,"Forereef",4,"West_Sambo",20,NA,1,"CD3",15.8495994928128,20.1167993562624,15,0,0,0,"A","A","A","A","A","A","PT"
"FLK",1381,1,2024,6,23,"SPGR_HR","CFK07",NA,NA,0.916666666666667,24.47847,-81.71773,1970252,"Lower Keys",8,"Forereef",4,"West_Sambo",20,NA,1,"CD2",9.14399970739201,11.5823996293632,15,0,0,0,"A","A","A","A","PT","PT","PS"
"FLK",1292,1,2024,6,23,"ISOL_LR","CFK01",NA,NA,0.084,24.55295,-81.69151,2199218,"Lower Keys",8,"Inshore",1,"West_Sambo",20,NA,1,"CD0",3.047999902464,3.047999902464,15,0,5,0,"A","A","A","A","A","A","A"
"FLK",1293,1,2024,6,23,"ISOL_LR","CFK01",NA,NA,0.276666666666667,24.5521,-81.693,2195795,"Lower Keys",8,"Inshore",1,"West_Sambo",20,NA,1,"CD0",3.6575998829568,3.6575998829568,15,1,0,0,"A","A","A","A","A","A","PT"
"FLK",1023,1,2024,6,24,"ISOL_MR","CFK02",NA,NA,0.412666666666667,24.57977,-81.44259,2302888,"Lower Keys",8,"Mid Channel",2,"Unprotected",0,NA,0,"CD0",7.01039977566721,7.61999975616001,15,0,0,0,"A","A","A","A","PS","A","PT"
"FLK",1301,1,2024,6,24,"ISOL_MR","CFK03",NA,NA,0.489333333333333,24.56665,-81.39101,2249251,"Lower Keys",8,"Offshore Patch Reef",3,"Looe_RO",17,NA,1,"CD0",5.79119981468161,7.01039977566721,15,0,0,0,"A","A","A","A","PT","A","PT"
"FLK",1108,1,2024,6,24,"CONT_LR","CFK05",NA,NA,0.173333333333333,24.53835,-81.45335,2143312,"Lower Keys",8,"Forereef",4,"Unprotected",0,NA,0,"CD1",4.571999853696,6.09599980492801,15,0,0,0,"A","A","A","A","A","A","A"
"FLK",1095,1,2024,6,24,"CONT_LR","CFK06",NA,NA,0.0846666666666667,24.54685,-81.45883,2172673,"Lower Keys",8,"Forereef",4,"Unprotected",0,NA,0,"CD2",7.61999975616001,7.92479974640641,15,0,0,0,"A","A","A","A","A","A","A"
"FLK",1343,1,2024,6,24,"SPGR_HR","CFK07",NA,NA,0.79,24.54432,-81.4103,2164481,"Lower Keys",8,"Forereef",4,"Looe_Key",16,NA,1,"CD2",7.92479974640641,9.75359968788481,15,0,0,0,"A","A","A","A","A","A","A"
"FLK",1098,1,2024,6,24,"CONT_MR","CFK07",NA,NA,0.426666666666667,24.54994,-81.43289,2184464,"Lower Keys",8,"Forereef",4,"Unprotected",0,NA,0,"CD2",9.44879969763841,9.75359968788481,15,0,0,0,"A","A","A","A","PT","A","PS"
"FLK",1001,1,2024,6,25,"ISOL_LR","CFK01",NA,NA,0.05,24.5845,-81.58299,2325582,"Lower Keys",8,"Inshore",1,"Unprotected",0,NA,0,"CD0",3.3527998927104,3.3527998927104,15,0,0,0,"A","A","A","A","A","A","A"
"FLK",1018,1,2024,6,25,"ISOL_HR","CFK02",NA,NA,0.761333333333333,24.5479,-81.52922,2177543,"Lower Keys",8,"Mid Channel",2,"Unprotected",0,NA,0,"CD0",8.22959973665281,9.14399970739201,15,0,0,0,"A","A","A","A","A","A","A"
"FLK",1254,1,2024,6,25,"SPGR_HR","CFK11",NA,NA,0.926666666666667,24.5113,-81.54078,2054271,"Lower Keys",8,"Forereef",4,"Unprotected",0,NA,0,"CD4",28.0415991026688,30.1751990343936,15,0,0,0,"A","A","A","A","A","A","PT"
"FLK",1260,1,2024,6,25,"SPGR_HR","CFK11",NA,NA,1.14666666666667,24.50106,-81.56212,2025559,"Lower Keys",8,"Forereef",4,"Unprotected",0,NA,0,"CD4",25.6031991806976,27.431999122176,15,0,0,0,"A","A","A","A","A","PT","A"
"FLK",1205,1,2024,6,25,"SPGR_HR","CFK09",NA,NA,0.734666666666667,24.51694,-81.53231,2072330,"Lower Keys",8,"Forereef",4,"Unprotected",0,NA,0,"CD3",15.23999951232,15.8495994928128,15,0,0,0,"A","A","A","A","A","PT","PS"
"FLK",1161,1,2024,6,25,"SPGR_MR","CFK07",NA,NA,0.326666666666667,24.52065,-81.52703,2083815,"Lower Keys",8,"Forereef",4,"Unprotected",0,NA,0,"CD2",10.667999658624,10.9727996488704,15,0,1,0,"A","A","A","A","A","A","PT"
"FLK",1470,1,2024,6,25,"CONT_MR","CFK03",NA,NA,0.47,24.52602,-81.53895,2101435,"Lower Keys",8,"Offshore Patch Reef",3,"Unprotected",0,NA,0,"CD0",9.14399970739201,9.75359968788481,15,0,0,0,"A","A","A","A","A","A","PT"
"FLK",1312,1,2024,6,26,"SPGR_LR","CFK05",NA,NA,0.200666666666667,24.49302,-81.66352,2005046,"Lower Keys",8,"Forereef",4,"East_Sambo",19,NA,1,"CD1",1.523999951232,1.523999951232,15,0,0,0,"A","A","A","A","A","A","A"
"FLK",1258,1,2024,6,26,"SPGR_HR","CFK11",NA,NA,1.55,24.48239,-81.65946,1978678,"Lower Keys",8,"Forereef",4,"Unprotected",0,NA,0,"CD4",23.4695992489728,25.2983991904512,15,0,0,1,"A","A","A","A","A","PT","PT"
"FLK",1204,1,2024,6,26,"SPGR_HR","CFK07",NA,NA,0.753333333333333,24.49036,-81.6618,1998231,"Lower Keys",8,"Forereef",4,"Unprotected",0,NA,0,"CD2",10.3631996683776,11.8871996196096,15,0,0,0,"A","A","A","A","A","A","PT"
"FLK",1507,1,2024,6,26,"CONT_MR","CFK07",NA,NA,0.37,24.50521,-81.61752,2038159,"Lower Keys",8,"Forereef",4,"Unprotected",0,NA,0,"CD2",8.83919971714561,10.0583996781312,15,0,0,0,"A","A","A","A","A","A","A"
"FLK",1421,1,2024,6,26,"ISOL_MR","CFK02",NA,NA,0.63,24.51829,-81.61917,2077860,"Lower Keys",8,"Mid Channel",2,"Unprotected",0,NA,0,"CD0",7.31519976591361,8.83919971714561,15,1,0,1,"A","A","A","A","A","A","A"
"FLK",1026,1,2024,6,26,"ISOL_MR","CFK02",NA,NA,0.32,24.53488,-81.60772,2131867,"Lower Keys",8,"Mid Channel",2,"Unprotected",0,NA,0,"CD0",5.48639982443521,7.01039977566721,15,0,0,2,"A","A","A","A","A","PT","PS"
"FLK",1411,1,2024,6,26,"ISOL_MR","CFK02",NA,NA,0.5,24.52246,-81.65765,2090822,"Lower Keys",8,"Mid Channel",2,"Unprotected",0,NA,0,"CD0",3.9623998732032,7.31519976591361,15,0,0,3,"A","A","A","A","PS","A","PT"
"FLK",1096,1,2024,6,27,"ISOL_LR","CFK06",NA,NA,0.078,24.47262,-81.77247,1958127,"Lower Keys",8,"Forereef",4,"Unprotected",0,NA,0,"CD2",8.53439972689921,8.53439972689921,15,0,0,0,"A","A","A","A","A","A","A"
"FLK",1314,1,2024,6,27,"SPGR_LR","CFK07",NA,NA,0.213333333333333,24.48253,-81.70039,1979643,"Lower Keys",8,"Forereef",4,"West_Sambo",20,NA,1,"CD2",7.01039977566721,7.31519976591361,15,1,0,0,"A","A","A","A","A","A","PT"
"FLK",1068,1,2024,6,27,"CONT_MR","CFK07",NA,NA,0.450666666666667,24.45458,-81.94784,1923419,"Lower Keys",8,"Forereef",4,"Unprotected",0,NA,0,"CD2",9.44879969763841,9.75359968788481,15,0,0,0,"A","A","A","A","PT","A","PS"
"FLK",1235,1,2024,6,27,"SPGR_MR","CFK11",NA,NA,0.39,24.43405,-81.98298,1890978,"Lower Keys",8,"Forereef",4,"Unprotected",0,NA,0,"CD4",17.9831994245376,19.2023993855232,15,0,0,0,"A","A","A","A","A","A","A"
"FLK",1237,1,2024,6,27,"SPGR_MR","CFK09",NA,NA,0.656666666666667,24.44529,-81.98013,1907896,"Lower Keys",8,"Forereef",4,"Unprotected",0,NA,0,"CD3",16.4591994733056,18.287999414784,15,1,0,1,"A","A","A","A","A","A","PT"
"FLK",1024,1,2024,6,27,"ISOL_HR","CFK02",NA,NA,0.733333333333333,24.46666,-82.00258,1948018,"Lower Keys",8,"Mid Channel",2,"Unprotected",0,NA,0,"CD0",10.667999658624,11.8871996196096,15,0,0,1,"A","A","A","A","PS","A","A"
"FLK",1025,1,2024,6,27,"ISOL_HR","CFK02",NA,NA,1.46666666666667,24.46708,-81.95715,1948110,"Lower Keys",8,"Mid Channel",2,"Unprotected",0,NA,0,"CD0",10.9727996488704,12.8015995903488,15,1,2,3,"A","A","A","A","A","A","PT"
"FLK",1157,1,2024,6,27,"CONT_MR","CFK07",NA,NA,0.44,24.45515,-81.95119,1925046,"Lower Keys",8,"Forereef",4,"Unprotected",0,NA,0,"CD2",9.14399970739201,10.3631996683776,15,0,0,3,"A","A","A","A","A","A","PT"
"FLK",1334,1,2024,7,11,"SPGR_LR","CFK07",NA,NA,0.24,25.22668,-80.20502,3854180,"Upper Keys",11,"Forereef",4,"Carysfort",1,NA,1,"CD2",10.3631996683776,10.9727996488704,15,0,0,0,"A","A","A","A","A","A","A"
"FLK",1322,1,2024,7,10,"SPGR_LR","CFK06",NA,NA,0.238,24.76487,-80.75495,3105412,"Middle Keys",9,"Forereef",4,"Tennessee",13,NA,1,"CD2",7.92479974640641,8.22959973665281,15,0,0,0,"A","A","A","A","A","A","A"
"FLK",1323,1,2024,7,10,"SPGR_LR","CFK04",NA,NA,0.144,24.76801,-80.75091,3117904,"Middle Keys",9,"Forereef",4,"Tennessee",13,NA,1,"CD1",5.18159983418881,5.18159983418881,15,0,0,0,"A","A","A","A","A","A","A"
"FLK",1264,1,2024,7,10,"SPGR_HR","CFK11",NA,NA,0.7875,24.7277,-80.80288,2948859,"Middle Keys",9,"Forereef",4,"Unprotected",0,NA,0,"CD4",25.907999170944,27.431999122176,15,0,0,0,"A","A","A","A","A","PT","A"
"FLK",1239,1,2024,7,10,"SPGR_MR","CFK09",NA,NA,0.513333333333333,24.73187,-80.79988,2966129,"Middle Keys",9,"Forereef",4,"Unprotected",0,NA,0,"CD3",13.1063995805952,14.9351995220736,15,0,0,0,"A","A","A","A","A","PT","PS"
"FLK",1190,1,2024,7,10,"SPGR_HR","CFK11",NA,NA,0.88,24.76635,-80.73061,3112625,"Middle Keys",9,"Forereef",4,"Unprotected",0,NA,0,"CD4",17.0687994537984,19.2023993855232,15,0,0,0,"A","A","A","A","A","PT","A"
"FLK",1196,1,2024,7,10,"SPGR_MR","CFK09",NA,NA,0.626666666666667,24.79804,-80.68668,3227990,"Mid-Upper Keys Transition",10,"Forereef",4,"Unprotected",0,NA,0,"CD3",16.4591994733056,17.6783994342912,15,0,0,0,"A","A","A","A","A","PT","PT"
"FLK",1364,1,2024,7,11,"SPGR_HR","CFK05",NA,NA,0.724,25.22039,-80.21117,3848642,"Upper Keys",11,"Forereef",4,"Carysfort",1,NA,1,"CD1",1.8287999414784,3.047999902464,15,0,0,0,"A","A","A","A","A","A","A"
"FLK",1037,1,2024,7,11,"ISOL_MR","CFK02",NA,NA,0.31,25.26567,-80.24751,3888600,"Upper Keys",11,"Mid Channel",2,"Unprotected",0,NA,0,"CD0",2.7431999122176,3.3527998927104,15,0,0,0,"A","A","A","A","PT","PT","A"
"FLK",1009,1,2024,7,11,"ISOL_LR","CFK01",NA,NA,0.078,25.33015,-80.23357,3946863,"Biscayne",12,"Inshore",1,"Unprotected",0,NA,0,"CD0",3.6575998829568,3.6575998829568,15,1,0,0,"A","A","A","A","A","A","A"
"FLK",1398,1,2024,7,11,"SPGR_MR","CFK09",NA,NA,0.353333333333333,25.20461,-80.21297,3834282,"Upper Keys",11,"Forereef",4,"Carysfort",1,NA,1,"CD3",16.4591994733056,17.3735994440448,15,0,0,0,"A","A","A","A","A","A","A"
"FLK",1375,1,2024,7,11,"CONT_MR","CFK09",NA,NA,0.44,25.20423,-80.21751,3833841,"Upper Keys",11,"Forereef",4,"Carysfort",1,NA,1,"CD3",14.0207995513344,14.6303995318272,15,0,0,0,"A","A","A","A","A","A","A"
"FLK",1279,1,2024,7,11,"SPGR_MR","CFK11",NA,NA,0.46,25.27596,-80.17219,3899367,"Upper Keys",11,"Forereef",4,"Unprotected",0,NA,0,"CD4",27.1271991319296,28.0415991026688,15,0,0,0,"A","A","A","A","A","A","A"
"FLK",1281,1,2024,7,11,"SPGR_MR","CFK11",NA,NA,0.36,25.22738,-80.20068,3854977,"Upper Keys",11,"Forereef",4,"Unprotected",0,NA,0,"CD4",22.2503992879872,24.0791992294656,15,0,0,0,"A","A","A","A","A","A","A"
"FLK",1305,1,2024,7,12,"SPGR_HR","CFK03",NA,NA,0.811333333333333,25.20891,-80.21903,3838546,"Upper Keys",11,"Offshore Patch Reef",3,"Carysfort",1,NA,1,"CD0",3.6575998829568,6.09599980492801,15,0,0,0,"A","A","A","A","A","A","PT"
"FLK",1399,1,2024,7,12,"SPGR_MR","CFK09",NA,NA,0.514,25.20891,-80.2167,3838551,"Upper Keys",11,"Forereef",4,"Carysfort",1,NA,1,"CD3",13.1063995805952,13.715999561088,15,1,0,0,"A","A","A","A","PT","A","PT"
"FLK",1280,1,2024,7,12,"CONT_LR","CFK11",NA,NA,0.28,25.17331,-80.22882,3803333,"Upper Keys",11,"Forereef",4,"Unprotected",0,NA,0,"CD4",22.5551992782336,24.383999219712,15,0,2,0,"A","A","A","A","A","A","PT"
"FLK",1198,1,2024,7,12,"CONT_LR","CFK08",NA,NA,0.146666666666667,25.17223,-80.23188,3802001,"Upper Keys",11,"Forereef",4,"Unprotected",0,NA,0,"CD3",14.0207995513344,14.9351995220736,15,0,6,0,"A","A","A","A","A","A","A"
"FLK",1082,1,2024,7,12,"ISOL_MR","CFK03",NA,NA,0.623333333333333,25.16108,-80.26153,3790695,"Upper Keys",11,"Offshore Patch Reef",3,"Unprotected",0,NA,0,"CD3",11.5823996293632,13.715999561088,15,0,1,0,"A","PS","A","A","PS","PS","PT"
"FLK",1224,1,2024,7,12,"SPGR_MR","CFK09",NA,NA,0.316666666666667,25.13862,-80.2577,3766389,"Upper Keys",11,"Forereef",4,"Unprotected",0,NA,0,"CD3",15.8495994928128,16.763999463552,15,0,0,0,"A","A","A","A","A","PT","PS"
"FLK",1366,1,2024,7,12,"SPGR_LR","CFK07",NA,NA,0.243333333333333,25.14108,-80.25801,3768940,"Upper Keys",11,"Forereef",4,"Elbow",2,NA,1,"CD2",9.14399970739201,9.44879969763841,15,1,0,0,"A","A","A","A","A","A","A"
"FLK",1008,1,2024,7,13,"ISOL_LR","CFK01",NA,NA,0.048,25.14653,-80.36194,3774307,"Upper Keys",11,"Inshore",1,"Unprotected",0,NA,0,"CD0",3.047999902464,3.047999902464,15,0,0,0,"A","A","A","A","A","A","A"
"FLK",1336,1,2024,7,13,"RUBB_LR","CFK04",NA,NA,0.121333333333333,25.14432,-80.26057,3772491,"Upper Keys",11,"Forereef",4,"Elbow",2,NA,1,"CD1",3.047999902464,3.047999902464,15,0,2,0,"A","A","A","A","A","A","A"
"FLK",1337,1,2024,7,13,"SPGR_MR","CFK05",NA,NA,0.456,25.14147,-80.26066,3769443,"Upper Keys",11,"Forereef",4,"Elbow",2,NA,1,"CD1",4.2671998634496,4.571999853696,15,0,0,0,"A","A","A","A","A","A","A"
"FLK",1277,1,2024,7,13,"SPGR_MR","CFK11",NA,NA,0.576666666666667,25.13612,-80.25851,3763323,"Upper Keys",11,"Forereef",4,"Unprotected",0,NA,0,"CD4",25.2983991904512,29.5655990539008,15,0,0,0,"A","A","A","A","A","PS","PS"
"FLK",1139,1,2024,7,13,"ISOL_MR","CFK07",NA,NA,0.35,25.13162,-80.26658,3758167,"Upper Keys",11,"Forereef",4,"Unprotected",0,NA,0,"CD2",10.3631996683776,11.5823996293632,15,0,0,0,"A","A","A","A","A","A","PS"
"FLK",1367,1,2024,7,13,"SPGR_MR","CFK07",NA,NA,0.583333333333333,25.10677,-80.30501,3729120,"Upper Keys",11,"Forereef",4,"Grecian_Rocks",4,NA,1,"CD2",6.70559978542081,8.22959973665281,15,0,0,0,"A","A","A","A","A","A","PS"
"FLK",1145,1,2024,7,13,"CONT_LR","CFK07",NA,NA,0.266666666666667,25.08492,-80.30961,3702377,"Upper Keys",11,"Forereef",4,"Unprotected",0,NA,0,"CD2",9.44879969763841,10.0583996781312,15,1,0,0,"A","A","A","A","A","A","A"
"FLK",1170,1,2024,7,13,"CONT_MR","CFK07",NA,NA,0.416666666666667,25.07857,-80.31761,3694625,"Upper Keys",11,"Forereef",4,"Unprotected",0,NA,0,"CD2",7.61999975616001,8.22959973665281,15,0,0,0,"A","A","A","A","A","A","A"
"FLK",1672,1,2024,7,14,"SPGR_HR","CFK11",NA,NA,0.78,24.93378,-80.47624,3506566,"Mid-Upper Keys Transition",10,"Forereef",4,"Unprotected",0,NA,0,"CD4",22.2503992879872,24.6887992099584,15,0,0,0,"A","A","A","A","A","PS","PS"
"FLK",1007,1,2024,7,14,"ISOL_LR","CFK01",NA,NA,0.008,24.97615,-80.53717,3564693,"Mid-Upper Keys Transition",10,"Inshore",1,"Unprotected",0,NA,0,"CD0",2.7431999122176,3.047999902464,15,0,0,0,"A","A","A","A","A","A","A"
"FLK",1130,1,2024,7,14,"CONT_MR","CFK07",NA,NA,0.303333333333333,24.93624,-80.49131,3509830,"Mid-Upper Keys Transition",10,"Forereef",4,"Unprotected",0,NA,0,"CD2",7.31519976591361,7.61999975616001,15,0,0,0,"A","A","A","A","A","A","PS"
"FLK",1006,1,2024,7,14,"ISOL_LR","CFK01",NA,NA,0.03,24.96343,-80.54371,3547680,"Mid-Upper Keys Transition",10,"Inshore",1,"Unprotected",0,NA,0,"CD0",3.9623998732032,3.9623998732032,15,0,0,0,"A","A","A","A","A","A","A"
"FLK",1128,1,2024,7,14,"CONT_LR","CFK06",NA,NA,0.15,24.93925,-80.4849,3514413,"Mid-Upper Keys Transition",10,"Forereef",4,"Unprotected",0,NA,0,"CD2",6.40079979517441,6.70559978542081,15,0,0,0,"A","A","A","A","A","A","A"
"FLK",1241,1,2024,7,14,"SPGR_LR","CFK06",NA,NA,0.11,24.94521,-80.46517,3522828,"Mid-Upper Keys Transition",10,"Forereef",4,"Unprotected",0,NA,0,"CD2",7.61999975616001,8.22959973665281,15,0,0,0,"A","A","A","A","A","A","A"
"FLK",1298,1,2024,7,15,"ISOL_MR","CFK02",NA,NA,0.655333333333333,24.90413,-80.615,3461610,"Mid-Upper Keys Transition",10,"Mid Channel",2,"Cheeca_Rocks",11,NA,1,"CD0",3.6575998829568,3.6575998829568,15,0,0,0,"A","A","A","A","PS","A","PT"
"FLK",1268,1,2024,7,15,"SPGR_LR","CFK11",NA,NA,0.243333333333333,24.86054,-80.58731,3389814,"Mid-Upper Keys Transition",10,"Forereef",4,"Unprotected",0,NA,0,"CD4",24.383999219712,24.9935992002048,15,0,0,0,"A","A","A","A","A","A","A"
"FLK",1216,1,2024,7,15,"SPGR_MR","CFK07",NA,NA,0.396666666666667,24.87737,-80.56863,3420960,"Mid-Upper Keys Transition",10,"Forereef",4,"Unprotected",0,NA,0,"CD2",10.667999658624,12.191999609856,15,0,2,0,"A","A","A","A","A","A","A"
"FLK",1217,1,2024,7,15,"SPGR_MR","CFK09",NA,NA,0.64,24.88554,-80.55279,3434340,"Mid-Upper Keys Transition",10,"Forereef",4,"Unprotected",0,NA,0,"CD3",12.4967996001024,13.715999561088,15,0,0,0,"A","A","A","A","A","PT","PS"
"FLK",1168,1,2024,7,15,"CONT_MR","CFK07",NA,NA,0.51,24.89125,-80.55375,3443154,"Mid-Upper Keys Transition",10,"Forereef",4,"Unprotected",0,NA,0,"CD2",8.83919971714561,10.667999658624,15,0,2,0,"A","A","A","A","A","A","PT"
"FLK",1271,1,2024,7,15,"SPGR_HR","CFK11",NA,NA,0.866666666666667,24.8851,-80.55144,3433625,"Mid-Upper Keys Transition",10,"Forereef",4,"Unprotected",0,NA,0,"CD4",22.85999926848,24.6887992099584,15,0,1,0,"A","A","A","A","A","A","A"
"FLK",1372,1,2024,7,14,"CONT_MR","CFK07",NA,NA,0.376666666666667,24.95131,-80.45762,3531628,"Mid-Upper Keys Transition",10,"Forereef",4,"Conch_Reef",7,NA,1,"CD2",11.2775996391168,12.191999609856,15,0,0,0,"A","A","A","A","A","A","PS"
"FLK",1362,1,2024,7,16,"RUBB_LR","CFK05",NA,NA,0.238,24.84981,-80.61716,3366282,"Mid-Upper Keys Transition",10,"Forereef",4,"Alligator",12,NA,1,"CD1",4.2671998634496,4.571999853696,15,4,0,0,"A","A","A","A","A","A","A"
"FLK",1332,1,2024,7,16,"RUBB_LR","CFK04",NA,NA,0.232,24.84717,-80.62364,3359983,"Mid-Upper Keys Transition",10,"Forereef",4,"Alligator",12,NA,1,"CD1",4.8767998439424,4.8767998439424,15,0,3,0,"A","A","A","A","A","A","A"
"FLK",1269,1,2024,7,16,"SPGR_HR","CFK11",NA,NA,0.84,24.8393,-80.62691,3342606,"Mid-Upper Keys Transition",10,"Forereef",4,"Unprotected",0,NA,0,"CD4",21.6407993074944,25.907999170944,15,0,0,0,"A","A","A","A","A","A","A"
"FLK",1669,1,2024,7,16,"SPGR_HR","CFK11",NA,NA,0.866666666666667,24.84353,-80.61657,3351733,"Mid-Upper Keys Transition",10,"Forereef",4,"Unprotected",0,NA,0,"CD4",25.2983991904512,28.955999073408,15,0,0,0,"A","A","A","A","A","A","A"
"FLK",1374,1,2024,7,16,"SPGR_MR","CFK07",NA,NA,0.360666666666667,24.84438,-80.62182,3353775,"Mid-Upper Keys Transition",10,"Forereef",4,"Alligator",12,NA,1,"CD2",11.2775996391168,12.191999609856,15,0,0,0,"A","A","A","A","A","A","A"
"FLK",1255,1,2024,6,24,"SPGR_MR","CFK11",NA,NA,0.578666666666667,24.54245,-81.40666,2156331,"Lower Keys",8,"Forereef",4,"Unprotected",0,NA,0,"CD4",21.0311993270016,22.2503992879872,15,0,0,0,"A","A","A","A","A","A","A"
"FLK",1353,1,2024,9,30,"SPGR_HR","CFK05",NA,NA,1.222,24.45346,-81.87549,1921140,"Lower Keys",8,"Forereef",4,"Sand_Key",23,NA,1,"CD1",3.6575998829568,3.6575998829568,15,0,0,0,"A","A","A","A","A","A","A"
"FLK",1072,1,2024,9,30,"ISOL_MR","CFK03",NA,NA,0.618181818181818,24.47752,-81.89883,1969885,"Lower Keys",8,"Offshore Patch Reef",3,"Unprotected",0,NA,0,"CD0",5.48639982443521,8.22959973665281,15,0,0,0,"A","A","A","A","A","A","PT"
"FLK",1236,1,2024,9,30,"SPGR_HR","CFK09",NA,NA,0.716666666666667,24.44004,-81.8769,1898905,"Lower Keys",8,"Forereef",4,"Unprotected",0,NA,0,"CD3",16.763999463552,17.3735994440448,15,0,0,0,"A","A","A","A","A","A","PT"
"FLK",1382,1,2024,9,30,"SPGR_HR","CFK11",NA,NA,0.826666666666667,24.45083,-81.87974,1916387,"Lower Keys",8,"Forereef",4,"Sand_Key",23,NA,1,"CD4",17.3735994440448,21.335999317248,15,0,0,0,"A","A","A","A","A","A","PT"
"FLK",1267,1,2024,10,1,"SPGR_HR","CFK11",NA,NA,0.804,24.58645,-81.23243,2330158,"Middle Keys",9,"Forereef",4,"Unprotected",0,NA,0,"CD4",21.335999317248,21.335999317248,10,0,0,0,"A","A","A","A","A","A","A"
"FLK",1215,1,2024,10,1,"SPGR_MR","CFK09",NA,NA,0.592666666666667,24.60286,-81.18415,2401916,"Middle Keys",9,"Forereef",4,"Unprotected",0,NA,0,"CD3",13.1063995805952,13.715999561088,15,0,0,0,"A","A","A","A","A","A","PT"
"FLK",1801,1,2024,10,1,"SPGR_LR","CFK04",NA,NA,0.158,24.64,-81.06656,2572990,"Middle Keys",9,"Forereef",4,"Unprotected",0,NA,0,"CD1",5.18159983418881,5.48639982443521,15,0,0,0,"A","A","A","A","A","A","A"
"FLK",1566,1,2024,10,1,"SPGR_LR","CFK07",NA,NA,0.264666666666667,24.63583,-81.07148,2554500,"Middle Keys",9,"Forereef",4,"Unprotected",0,NA,0,"CD2",11.5823996293632,11.8871996196096,15,0,0,0,"A","A","A","A","A","A","A"
"FLK",1240,1,2024,10,1,"SPGR_MR","CFK09",NA,NA,0.667333333333333,24.61783,-81.1278,2470872,"Middle Keys",9,"Forereef",4,"Unprotected",0,NA,0,"CD3",17.3735994440448,17.3735994440448,15,1,0,1,"A","A","A","PT","A","PT","A"
"FLK",1005,1,2024,10,1,"ISOL_LR","CFK01",NA,NA,0.044,24.75144,-80.92049,3048237,"Middle Keys",9,"Inshore",1,"Unprotected",0,NA,0,"CD0",5.18159983418881,5.18159983418881,15,0,0,0,"A","A","A","A","A","A","A"
"FLK",1189,1,2024,10,1,"SPGR_MR","CFK09",NA,NA,0.385333333333333,24.56457,-81.32234,2240394,"Lower Keys",8,"Forereef",4,"Unprotected",0,NA,0,"CD3",15.8495994928128,15.8495994928128,15,0,0,0,"A","A","A","A","A","A","A"
"FLK",1187,1,2024,10,1,"SPGR_LR","CFK08",NA,NA,0.128666666666667,24.55597,-81.35743,2206811,"Lower Keys",8,"Forereef",4,"Unprotected",0,NA,0,"CD3",13.1063995805952,13.4111995708416,15,0,0,0,"A","A","A","A","A","A","A"
"FLK",1074,1,2024,10,1,"ISOL_LR","CFK03",NA,NA,0.27,24.57825,-81.28482,2295628,"Middle Keys",9,"Offshore Patch Reef",3,"Unprotected",0,NA,0,"CD0",9.44879969763841,9.44879969763841,15,0,0,0,"A","A","A","A","A","A","A"
"FLK",1033,1,2024,10,2,"ISOL_MR","CFK02",NA,NA,0.410666666666667,24.70397,-80.99337,2846894,"Middle Keys",9,"Mid Channel",2,"Unprotected",0,NA,0,"CD0",7.31519976591361,7.61999975616001,15,2,0,0,"A","A","A","A","A","A","A"
"FLK",1354,1,2024,10,2,"CONT_MR","CFK07",NA,NA,0.348666666666667,24.6819,-80.97296,2753579,"Middle Keys",9,"Forereef",4,"Coffins_Patch",14,NA,1,"CD2",6.09599980492801,6.09599980492801,15,0,0,0,"A","A","A","A","A","A","A"
"FLK",1209,1,2024,10,2,"SPGR_HR","CFK09",NA,NA,0.384666666666667,24.65609,-81.0033,2643962,"Middle Keys",9,"Forereef",4,"Unprotected",0,NA,0,"CD3",14.0207995513344,14.0207995513344,15,0,0,0,"A","A","A","A","A","A","PT"
"FLK",1193,1,2024,10,2,"ISOL_MR","CFK09",NA,NA,0.318666666666667,24.67686,-80.94236,2732733,"Middle Keys",9,"Forereef",4,"Unprotected",0,NA,0,"CD3",16.1543994830592,17.0687994537984,15,0,0,0,"A","A","A","A","A","A","A"
"FLK",1565,1,2024,10,2,"SPGR_MR","CFK07",NA,NA,0.374666666666667,24.66663,-80.98309,2688599,"Middle Keys",9,"Forereef",4,"Unprotected",0,NA,0,"CD2",7.31519976591361,8.22959973665281,15,0,0,0,"A","A","A","A","A","A","PT"
"FLK",1120,1,2024,10,2,"SPGR_LR","CFK06",NA,NA,0.14,24.67654,-80.94989,2730818,"Middle Keys",9,"Forereef",4,"Unprotected",0,NA,0,"CD2",10.3631996683776,10.3631996683776,15,0,0,0,"A","A","A","A","A","A","A"
"FLK",1325,1,2024,10,2,"CONT_LR","CFK04",NA,NA,0.178666666666667,24.68322,-80.97264,2759252,"Middle Keys",9,"Forereef",4,"Coffins_Patch",14,NA,1,"CD1",5.18159983418881,5.18159983418881,15,0,0,0,"A","A","A","A","A","A","A"
"FLK",1073,1,2024,10,2,"ISOL_MR","CFK03",NA,NA,0.384666666666667,24.69768,-80.95923,2820143,"Middle Keys",9,"Offshore Patch Reef",3,"Unprotected",0,NA,0,"CD0",5.79119981468161,5.79119981468161,15,0,0,0,"A","A","A","A","A","A","PT"
"FLK",1056,1,2024,8,13,"ISOL_MR","CFK02",NA,NA,0.385333333333333,25.39907,-80.15921,3997672,"Biscayne",12,"Mid Channel",2,"Unprotected",0,NA,0,"CD0",4.2671998634496,5.79119981468161,15,0,0,0,"A","A","A","A","PT","PT","PT"
"FLK",1048,1,2024,8,13,"ISOL_LR","CFK02",NA,NA,0.250666666666667,25.39067,-80.16373,3991783,"Biscayne",12,"Mid Channel",2,"Unprotected",0,NA,0,"CD0",2.1335999317248,2.7431999122176,15,0,0,0,"A","A","A","A","A","A","A"
"FLK",1181,1,2024,8,13,"SPGR_MR","CFK07",NA,NA,0.427333333333333,25.4434,-80.12007,4022762,"Biscayne",12,"Forereef",4,"Unprotected",0,NA,0,"CD2",6.09599980492801,7.31519976591361,15,2,0,0,"A","A","A","A","A","A","PS"
"FLK",1154,1,2024,8,15,"CONT_LR","CFK04",NA,NA,0.182,25.59212,-80.10577,4091017,"Biscayne",12,"Forereef",4,"Unprotected",0,NA,0,"CD1",3.6575998829568,3.9623998732032,15,0,0,0,"A","A","A","A","A","A","A"
"FLK",1185,1,2024,8,15,"CONT_MR","CFK05",NA,NA,0.45,25.56292,-80.10574,4078791,"Biscayne",12,"Forereef",4,"Unprotected",0,NA,0,"CD1",3.6575998829568,4.8767998439424,15,0,0,0,"A","A","A","A","A","A","A"
"FLK",1152,1,2024,8,12,"SPGR_LR","CFK07",NA,NA,0.236666666666667,25.29781,-80.16878,3920638,"Biscayne",12,"Forereef",4,"Unprotected",0,NA,0,"CD2",10.667999658624,10.9727996488704,15,1,0,1,"A","A","A","A","A","A","A"
"FLK",1202,1,2024,8,12,"ISOL_LR","CFK02",NA,NA,0.1,25.38379,-80.15289,3987085,"Biscayne",12,"Mid Channel",2,"Unprotected",0,NA,0,"CD0",10.0583996781312,10.667999658624,15,1,0,0,"A","A","A","A","A","A","A"
"FLK",1227,1,2024,8,13,"SPGR_MR","CFK11",NA,NA,0.473333333333333,25.40598,-80.12576,4002255,"Biscayne",12,"Forereef",4,"Unprotected",0,NA,0,"CD4",19.2023993855232,20.1167993562624,15,0,0,0,"A","A","A","A","A","A","PT"
"FLK",1150,1,2024,8,12,"CONT_LR","CFK05",NA,NA,0.226666666666667,25.33071,-80.18352,3947668,"Biscayne",12,"Forereef",4,"Unprotected",0,NA,0,"CD1",3.047999902464,3.3527998927104,15,0,0,0,"A","A","A","A","A","A","A"
"FLK",1232,1,2024,8,15,"SPGR_LR","CFK08",NA,NA,0.0906666666666667,25.58779,-80.09265,4089195,"Biscayne",12,"Forereef",4,"Unprotected",0,NA,0,"CD3",14.0207995513344,14.3255995415808,15,5,0,1,"A","A","A","A","A","A","A"
"FLK",1091,1,2024,8,15,"ISOL_LR","CFK03",NA,NA,0.108,25.48353,-80.12162,4042720,"Biscayne",12,"Offshore Patch Reef",3,"Unprotected",0,NA,0,"CD0",7.61999975616001,7.92479974640641,15,0,0,0,"A","A","A","A","A","A","A"
"FLK",1089,1,2024,8,12,"ISOL_MR","CFK03",NA,NA,0.336666666666667,25.3622,-80.15392,3971551,"Biscayne",12,"Offshore Patch Reef",3,"Unprotected",0,NA,0,"CD0",7.31519976591361,7.61999975616001,15,0,0,0,"A","A","A","A","A","A","PS"
"FLK",1051,1,2024,8,13,"ISOL_MR","CFK02",NA,NA,0.686666666666667,25.47492,-80.15578,4038450,"Biscayne",12,"Mid Channel",2,"Unprotected",0,NA,0,"CD0",4.571999853696,5.48639982443521,15,1,0,0,"A","A","A","A","A","PT","PT"
"FLK",1177,1,2024,6,5,"CONT_MR","CFK07",NA,NA,0.542666666666667,25.70647,-80.09837,4139070,"Biscayne",12,"Forereef",4,"Unprotected",0,NA,0,"CD2",7.01039977566721,7.01039977566721,15,0,0,0,"A","A","A","A","A","A","PS"
"FLK",1180,1,2024,6,6,"CONT_MR","CFK07",NA,NA,0.31,25.72561,-80.1009,4146064,"Biscayne",12,"Forereef",4,"Unprotected",0,NA,0,"CD2",6.40079979517441,7.01039977566721,15,0,0,0,"A","PT","A","A","A","A","A"
"FLK",1010,1,2024,6,6,"ISOL_LR","CFK01",NA,NA,0.0526666666666667,25.71774,-80.116,4143154,"Biscayne",12,"Inshore",1,"Unprotected",0,NA,0,"CD0",7.01039977566721,7.01039977566721,15,0,0,0,"A","A","A","A","A","A","A"
"FLK",1148,1,2024,6,6,"CONT_LR","CFK06",NA,NA,0.140666666666667,25.72724,-80.10211,4146542,"Biscayne",12,"Forereef",4,"Unprotected",0,NA,0,"CD2",7.92479974640641,8.53439972689921,15,0,0,0,"A","PT","A","A","A","A","A"
"FLK",1287,1,2024,6,6,"SPGR_MR","CFK11",NA,NA,0.442,25.69372,-80.08721,4134268,"Biscayne",12,"Forereef",4,"Unprotected",0,NA,0,"CD4",22.85999926848,22.85999926848,15,1,0,1,"A","A","A","A","A","A","A"
"FLK",1339,1,2024,7,29,"SPGR_MR","CFK05",NA,NA,0.312,25.03604,-80.3497,3641325,"Upper Keys",11,"Forereef",4,"French",5,NA,1,"CD1",4.571999853696,4.571999853696,15,0,0,0,"A","A","A","A","A","A","A"
"FLK",1087,1,2024,7,30,"ISOL_MR","CFK03",NA,NA,0.382,24.98839,-80.46823,3580956,"Upper Keys",11,"Offshore Patch Reef",3,"Unprotected",0,NA,0,"CD0",3.6575998829568,3.9623998732032,15,0,0,1,"A","A","A","A","A","A","A"
"FLK",1394,1,2024,7,31,"SPGR_MR","CFK09",NA,NA,0.319333333333333,25.0073,-80.37529,3605697,"Upper Keys",11,"Forereef",4,"Molasses",6,NA,1,"CD3",13.1063995805952,13.4111995708416,15,0,1,0,"A","A","A","A","A","A","A"
"FLK",1371,1,2024,7,31,"SPGR_LR","CFK07",NA,NA,0.162666666666667,25.01343,-80.36956,3613143,"Upper Keys",11,"Forereef",4,"Molasses",6,NA,1,"CD2",7.31519976591361,8.53439972689921,15,1,0,0,"A","A","A","A","A","A","A"
"FLK",1135,1,2024,8,1,"CONT_LR","CFK08",NA,NA,0.072,25.02842,-80.392,3631695,"Upper Keys",11,"Forereef",4,"Unprotected",0,NA,0,"CD3",12.8015995903488,12.8015995903488,15,0,0,0,"A","A","A","A","A","A","A"
"FLK",1199,1,2024,7,30,"SPGR_LR","CFK09",NA,NA,0.22,24.99298,-80.40485,3587362,"Upper Keys",11,"Forereef",4,"Unprotected",0,NA,0,"CD3",12.4967996001024,12.4967996001024,15,0,0,0,"A","A","A","A","A","A","A"
"FLK",1233,1,2024,11,12,"CONT_MR","CFK07",NA,NA,0.37,25.72458,-80.09912,4145588,"Biscayne",12,"Forereef",4,"Unprotected",0,NA,0,"CD2",8.83919971714561,10.667999658624,15,0,0,0,"A","A","A","A","A","A","A"
"FLK",1246,1,2024,11,12,"CONT_MR","CFK09",NA,NA,0.374666666666667,25.67087,-80.08851,4125456,"Biscayne",12,"Forereef",4,"Unprotected",0,NA,0,"CD3",14.6303995318272,15.23999951232,15,0,0,0,"A","A","A","A","A","A","A"
"FLK",1803,1,2024,11,12,"CONT_LR","CFK09",NA,NA,0.299333333333333,25.73257,-80.08905,4148488,"Biscayne",12,"Forereef",4,"Unprotected",0,NA,0,"CD3",15.23999951232,15.8495994928128,15,0,0,0,"A","A","A","A","A","A","A"
