"","REGION","PRIMARY_SAMPLE_UNIT","STATION_NR","YEAR","MONTH","DAY","HABITAT_CD","strat_cora","PROT","RUGOSITY_CD","DEPTH_STRAT","LAT_DEGREES","LON_DEGREES","MAPGRID_NR","survey_type","analysis_group","count"
"1","FLK",1177,1,2024,6,5,"CONT_MR","CFK07",0,"R4","CD2",25.70647,-80.09837,4139070,"NCRMP","NCRMP_GRP",NA
"2","FLK",1287,1,2024,6,6,"SPGR_MR","CFK11",0,"R4","CD4",25.69372,-80.08721,4134268,"NCRMP","NCRMP_NA",NA
"3","FLK",1148,1,2024,6,6,"CONT_LR","CFK06",0,"R1","CD2",25.72724,-80.10211,4146542,"NCRMP","NCRMP_GRP",NA
"4","FLK",1010,1,2024,6,6,"ISOL_LR","CFK01",0,"R1","CD0",25.71774,-80.116,4143154,"NCRMP","NCRMP_GRP",NA
"5","FLK",1180,1,2024,6,6,"CONT_MR","CFK07",0,"R4","CD2",25.72561,-80.1009,4146064,"NCRMP","NCRMP_GRP",NA
"6","FLK",1293,1,2024,6,23,"ISOL_LR","CFK01",1,"R4","CD0",24.5521,-81.693,2195795,"NCRMP","NCRMP_GRP",NA
"7","FLK",1292,1,2024,6,23,"ISOL_LR","CFK01",1,"R1","CD0",24.55295,-81.69151,2199218,"NCRMP","NCRMP_GRP",NA
"8","FLK",1259,1,2024,6,23,"CONT_MR","CFK11",0,"R4","CD4",24.46163,-81.75029,1934858,"NCRMP","NCRMP_NA",NA
"9","FLK",1396,1,2024,6,23,"SPGR_HR","CFK09",1,"R4","CD3",24.47744,-81.72008,1968207,"NCRMP","NCRMP_NA",NA
"10","FLK",1381,1,2024,6,23,"SPGR_HR","CFK07",1,"R4","CD2",24.47847,-81.71773,1970252,"NCRMP","NCRMP_GRP",NA
"11","FLK",1255,1,2024,6,24,"SPGR_MR","CFK11",0,"R4","CD4",24.54245,-81.40666,2156331,"NCRMP","NCRMP_NA",NA
"12","FLK",1301,1,2024,6,24,"ISOL_MR","CFK03",1,"R4","CD0",24.56665,-81.39101,2249251,"NCRMP","NCRMP_GRP",NA
"13","FLK",1343,1,2024,6,24,"SPGR_HR","CFK07",1,"R4","CD2",24.54432,-81.4103,2164481,"NCRMP","MIR_GRP",NA
"14","FLK",1108,1,2024,6,24,"CONT_LR","CFK05",0,"R3","CD1",24.53835,-81.45335,2143312,"NCRMP","NCRMP_GRP",NA
"15","FLK",1023,1,2024,6,24,"ISOL_MR","CFK02",0,"R4","CD0",24.57977,-81.44259,2302888,"NCRMP","NCRMP_GRP",NA
"16","FLK",1095,1,2024,6,24,"CONT_LR","CFK06",0,"R1","CD2",24.54685,-81.45883,2172673,"NCRMP","NCRMP_GRP",NA
"17","FLK",1098,1,2024,6,24,"CONT_MR","CFK07",0,"R4","CD2",24.54994,-81.43289,2184464,"NCRMP","NCRMP_GRP",NA
"18","FLK",1254,1,2024,6,25,"SPGR_HR","CFK11",0,"R4","CD4",24.5113,-81.54078,2054271,"NCRMP","NCRMP_NA",NA
"19","FLK",1260,1,2024,6,25,"SPGR_HR","CFK11",0,"R4","CD4",24.50106,-81.56212,2025559,"NCRMP","NCRMP_NA",NA
"20","FLK",1205,1,2024,6,25,"SPGR_HR","CFK09",0,"R4","CD3",24.51694,-81.53231,2072330,"NCRMP","NCRMP_NA",NA
"21","FLK",1018,1,2024,6,25,"ISOL_HR","CFK02",0,"R4","CD0",24.5479,-81.52922,2177543,"NCRMP","NCRMP_GRP",NA
"22","FLK",1161,1,2024,6,25,"SPGR_MR","CFK07",0,"R4","CD2",24.52065,-81.52703,2083815,"NCRMP","NCRMP_GRP",NA
"23","FLK",1001,1,2024,6,25,"ISOL_LR","CFK01",0,"R1","CD0",24.5845,-81.58299,2325582,"NCRMP","NCRMP_GRP",NA
"24","FLK",1470,1,2024,6,25,"CONT_MR","CFK03",0,"R4","CD0",24.52602,-81.53895,2101435,"NCRMP","NCRMP_GRP",NA
"25","FLK",1258,1,2024,6,26,"SPGR_HR","CFK11",0,"R4","CD4",24.48239,-81.65946,1978678,"NCRMP","NCRMP_NA",NA
"26","FLK",1204,1,2024,6,26,"SPGR_HR","CFK07",0,"R4","CD2",24.49036,-81.6618,1998231,"NCRMP","NCRMP_GRP",NA
"27","FLK",1312,1,2024,6,26,"SPGR_LR","CFK05",1,"R3","CD1",24.49302,-81.66352,2005046,"NCRMP","NCRMP_GRP",NA
"28","FLK",1507,1,2024,6,26,"CONT_MR","CFK07",0,"R4","CD2",24.50521,-81.61752,2038159,"NCRMP","NCRMP_GRP",NA
"29","FLK",1421,1,2024,6,26,"ISOL_MR","CFK02",0,"R4","CD0",24.51829,-81.61917,2077860,"NCRMP","NCRMP_GRP",NA
"30","FLK",1026,1,2024,6,26,"ISOL_MR","CFK02",0,"R4","CD0",24.53488,-81.60772,2131867,"NCRMP","NCRMP_GRP",NA
"31","FLK",1411,1,2024,6,26,"ISOL_MR","CFK02",0,"R4","CD0",24.52246,-81.65765,2090822,"NCRMP","NCRMP_GRP",NA
"32","FLK",1314,1,2024,6,27,"SPGR_LR","CFK07",1,"R3","CD2",24.48253,-81.70039,1979643,"NCRMP","NCRMP_GRP",NA
"33","FLK",1235,1,2024,6,27,"SPGR_MR","CFK11",0,"R4","CD4",24.43405,-81.98298,1890978,"NCRMP","NCRMP_NA",NA
"34","FLK",1096,1,2024,6,27,"ISOL_LR","CFK06",0,"R1","CD2",24.47262,-81.77247,1958127,"NCRMP","NCRMP_GRP",NA
"35","FLK",1237,1,2024,6,27,"SPGR_MR","CFK09",0,"R4","CD3",24.44529,-81.98013,1907896,"NCRMP","NCRMP_NA",NA
"36","FLK",1024,1,2024,6,27,"ISOL_HR","CFK02",0,"R4","CD0",24.46666,-82.00258,1948018,"NCRMP","NCRMP_GRP",NA
"37","FLK",1025,1,2024,6,27,"ISOL_HR","CFK02",0,"R4","CD0",24.46708,-81.95715,1948110,"NCRMP","NCRMP_GRP",NA
"38","FLK",1068,1,2024,6,27,"CONT_MR","CFK07",0,"R4","CD2",24.45458,-81.94784,1923419,"NCRMP","NCRMP_GRP",NA
"39","FLK",1157,1,2024,6,27,"CONT_MR","CFK07",0,"R4","CD2",24.45515,-81.95119,1925046,"NCRMP","NCRMP_GRP",NA
"40","FLK",1264,1,2024,7,10,"SPGR_HR","CFK11",0,"R4","CD4",24.7277,-80.80288,2948859,"NCRMP","NCRMP_NA",NA
"41","FLK",1322,1,2024,7,10,"SPGR_LR","CFK06",1,"R2","CD2",24.76487,-80.75495,3105412,"NCRMP","NCRMP_GRP",NA
"42","FLK",1323,1,2024,7,10,"SPGR_LR","CFK04",1,"R1","CD1",24.76801,-80.75091,3117904,"NCRMP","NCRMP_GRP",NA
"43","FLK",1239,1,2024,7,10,"SPGR_MR","CFK09",0,"R4","CD3",24.73187,-80.79988,2966129,"NCRMP","NCRMP_NA",NA
"44","FLK",1190,1,2024,7,10,"SPGR_HR","CFK11",0,"R4","CD4",24.76635,-80.73061,3112625,"NCRMP","NCRMP_NA",NA
"45","FLK",1196,1,2024,7,10,"SPGR_MR","CFK09",0,"R4","CD3",24.79804,-80.68668,3227990,"NCRMP","NCRMP_NA",NA
"46","FLK",1364,1,2024,7,11,"SPGR_HR","CFK05",1,"R4","CD1",25.22039,-80.21117,3848642,"NCRMP","NCRMP_GRP",NA
"47","FLK",1279,1,2024,7,11,"SPGR_MR","CFK11",0,"R4","CD4",25.27596,-80.17219,3899367,"NCRMP","NCRMP_NA",NA
"48","FLK",1281,1,2024,7,11,"SPGR_MR","CFK11",0,"R4","CD4",25.22738,-80.20068,3854977,"NCRMP","NCRMP_NA",NA
"49","FLK",1037,1,2024,7,11,"ISOL_MR","CFK02",0,"R4","CD0",25.26567,-80.24751,3888600,"NCRMP","NCRMP_GRP",NA
"50","FLK",1398,1,2024,7,11,"SPGR_MR","CFK09",1,"R4","CD3",25.20461,-80.21297,3834282,"NCRMP","NCRMP_NA",NA
"51","FLK",1375,1,2024,7,11,"CONT_MR","CFK09",1,"R4","CD3",25.20423,-80.21751,3833841,"NCRMP","NCRMP_NA",NA
"52","FLK",1009,1,2024,7,11,"ISOL_LR","CFK01",0,"R1","CD0",25.33015,-80.23357,3946863,"NCRMP","NCRMP_GRP",NA
"53","FLK",1334,1,2024,7,11,"SPGR_LR","CFK07",1,"R3","CD2",25.22668,-80.20502,3854180,"NCRMP","NCRMP_GRP",NA
"54","FLK",1399,1,2024,7,12,"SPGR_MR","CFK09",1,"R4","CD3",25.20891,-80.2167,3838551,"NCRMP","NCRMP_NA",NA
"55","FLK",1280,1,2024,7,12,"CONT_LR","CFK11",0,"R4","CD4",25.17331,-80.22882,3803333,"NCRMP","NCRMP_NA",NA
"56","FLK",1305,1,2024,7,12,"SPGR_HR","CFK03",1,"R4","CD0",25.20891,-80.21903,3838546,"NCRMP","MIR_GRP",NA
"57","FLK",1198,1,2024,7,12,"CONT_LR","CFK08",0,"R1","CD3",25.17223,-80.23188,3802001,"NCRMP","NCRMP_NA",NA
"58","FLK",1082,1,2024,7,12,"ISOL_MR","CFK03",0,"R4","CD3",25.16108,-80.26153,3790695,"NCRMP","NCRMP_NA",NA
"59","FLK",1224,1,2024,7,12,"SPGR_MR","CFK09",0,"R4","CD3",25.13862,-80.2577,3766389,"NCRMP","NCRMP_NA",NA
"60","FLK",1366,1,2024,7,12,"SPGR_LR","CFK07",1,"R3","CD2",25.14108,-80.25801,3768940,"NCRMP","NCRMP_GRP",NA
"61","FLK",1277,1,2024,7,13,"SPGR_MR","CFK11",0,"R4","CD4",25.13612,-80.25851,3763323,"NCRMP","NCRMP_NA",NA
"62","FLK",1337,1,2024,7,13,"SPGR_MR","CFK05",1,"R4","CD1",25.14147,-80.26066,3769443,"NCRMP","NCRMP_GRP",NA
"63","FLK",1336,1,2024,7,13,"RUBB_LR","CFK04",1,"R1","CD1",25.14432,-80.26057,3772491,"NCRMP","NCRMP_GRP",NA
"64","FLK",1139,1,2024,7,13,"ISOL_MR","CFK07",0,"R4","CD2",25.13162,-80.26658,3758167,"NCRMP","NCRMP_GRP",NA
"65","FLK",1367,1,2024,7,13,"SPGR_MR","CFK07",1,"R4","CD2",25.10677,-80.30501,3729120,"NCRMP","NCRMP_GRP",NA
"66","FLK",1008,1,2024,7,13,"ISOL_LR","CFK01",0,"R1","CD0",25.14653,-80.36194,3774307,"NCRMP","NCRMP_GRP",NA
"67","FLK",1145,1,2024,7,13,"CONT_LR","CFK07",0,"R4","CD2",25.08492,-80.30961,3702377,"NCRMP","NCRMP_GRP",NA
"68","FLK",1170,1,2024,7,13,"CONT_MR","CFK07",0,"R4","CD2",25.07857,-80.31761,3694625,"NCRMP","NCRMP_GRP",NA
"69","FLK",1672,1,2024,7,14,"SPGR_HR","CFK11",0,"R4","CD4",24.93378,-80.47624,3506566,"NCRMP","NCRMP_NA",NA
"70","FLK",1130,1,2024,7,14,"CONT_MR","CFK07",0,"R4","CD2",24.93624,-80.49131,3509830,"NCRMP","NCRMP_GRP",NA
"71","FLK",1128,1,2024,7,14,"CONT_LR","CFK06",0,"R1","CD2",24.93925,-80.4849,3514413,"NCRMP","NCRMP_GRP",NA
"72","FLK",1241,1,2024,7,14,"SPGR_LR","CFK06",0,"R1","CD2",24.94521,-80.46517,3522828,"NCRMP","NCRMP_GRP",NA
"73","FLK",1007,1,2024,7,14,"ISOL_LR","CFK01",0,"R1","CD0",24.97615,-80.53717,3564693,"NCRMP","NCRMP_GRP",NA
"74","FLK",1006,1,2024,7,14,"ISOL_LR","CFK01",0,"R1","CD0",24.96343,-80.54371,3547680,"NCRMP","NCRMP_GRP",NA
"75","FLK",1372,1,2024,7,14,"CONT_MR","CFK07",1,"R4","CD2",24.95131,-80.45762,3531628,"NCRMP","NCRMP_GRP",NA
"76","FLK",1268,1,2024,7,15,"SPGR_LR","CFK11",0,"R2","CD4",24.86054,-80.58731,3389814,"NCRMP","NCRMP_NA",NA
"77","FLK",1216,1,2024,7,15,"SPGR_MR","CFK07",0,"R4","CD2",24.87737,-80.56863,3420960,"NCRMP","NCRMP_GRP",NA
"78","FLK",1298,1,2024,7,15,"ISOL_MR","CFK02",1,"R4","CD0",24.90413,-80.615,3461610,"NCRMP","MIR_GRP",NA
"79","FLK",1217,1,2024,7,15,"SPGR_MR","CFK09",0,"R4","CD3",24.88554,-80.55279,3434340,"NCRMP","NCRMP_NA",NA
"80","FLK",1168,1,2024,7,15,"CONT_MR","CFK07",0,"R4","CD2",24.89125,-80.55375,3443154,"NCRMP","NCRMP_GRP",NA
"81","FLK",1271,1,2024,7,15,"SPGR_HR","CFK11",0,"R4","CD4",24.8851,-80.55144,3433625,"NCRMP","NCRMP_NA",NA
"82","FLK",1269,1,2024,7,16,"SPGR_HR","CFK11",0,"R4","CD4",24.8393,-80.62691,3342606,"NCRMP","NCRMP_NA",NA
"83","FLK",1332,1,2024,7,16,"RUBB_LR","CFK04",1,"R2","CD1",24.84717,-80.62364,3359983,"NCRMP","NCRMP_GRP",NA
"84","FLK",1669,1,2024,7,16,"SPGR_HR","CFK11",0,"R4","CD4",24.84353,-80.61657,3351733,"NCRMP","NCRMP_NA",NA
"85","FLK",1362,1,2024,7,16,"RUBB_LR","CFK05",1,"R3","CD1",24.84981,-80.61716,3366282,"NCRMP","NCRMP_GRP",NA
"86","FLK",1374,1,2024,7,16,"SPGR_MR","CFK07",1,"R4","CD2",24.84438,-80.62182,3353775,"NCRMP","NCRMP_GRP",NA
"87","FLK",1339,1,2024,7,29,"SPGR_MR","CFK05",1,"R4","CD1",25.03604,-80.3497,3641325,"NCRMP","NCRMP_GRP",NA
"88","FLK",1087,1,2024,7,30,"ISOL_MR","CFK03",0,"R4","CD0",24.98839,-80.46823,3580956,"NCRMP","NCRMP_GRP",NA
"89","FLK",1199,1,2024,7,30,"SPGR_LR","CFK09",0,"R3","CD3",24.99298,-80.40485,3587362,"NCRMP","NCRMP_NA",NA
"90","FLK",1394,1,2024,7,31,"SPGR_MR","CFK09",1,"R4","CD3",25.0073,-80.37529,3605697,"NCRMP","NCRMP_NA",NA
"91","FLK",1371,1,2024,7,31,"SPGR_LR","CFK07",1,"R3","CD2",25.01343,-80.36956,3613143,"NCRMP","NCRMP_GRP",NA
"92","FLK",1135,1,2024,8,1,"CONT_LR","CFK08",0,"R1","CD3",25.02842,-80.392,3631695,"NCRMP","NCRMP_NA",NA
"93","FLK",1152,1,2024,8,12,"SPGR_LR","CFK07",0,"R3","CD2",25.29781,-80.16878,3920638,"NCRMP","NCRMP_GRP",NA
"94","FLK",1202,1,2024,8,12,"ISOL_LR","CFK02",0,"R1","CD0",25.38379,-80.15289,3987085,"NCRMP","NCRMP_GRP",NA
"95","FLK",1089,1,2024,8,12,"ISOL_MR","CFK03",0,"R4","CD0",25.3622,-80.15392,3971551,"NCRMP","NCRMP_GRP",NA
"96","FLK",1150,1,2024,8,12,"CONT_LR","CFK05",0,"R3","CD1",25.33071,-80.18352,3947668,"NCRMP","NCRMP_GRP",NA
"97","FLK",1048,1,2024,8,13,"ISOL_LR","CFK02",0,"R3","CD0",25.39067,-80.16373,3991783,"NCRMP","NCRMP_GRP",NA
"98","FLK",1056,1,2024,8,13,"ISOL_MR","CFK02",0,"R4","CD0",25.39907,-80.15921,3997672,"NCRMP","NCRMP_GRP",NA
"99","FLK",1227,1,2024,8,13,"SPGR_MR","CFK11",0,"R4","CD4",25.40598,-80.12576,4002255,"NCRMP","NCRMP_NA",NA
"100","FLK",1181,1,2024,8,13,"SPGR_MR","CFK07",0,"R4","CD2",25.4434,-80.12007,4022762,"NCRMP","NCRMP_GRP",NA
"101","FLK",1051,1,2024,8,13,"ISOL_MR","CFK02",0,"R4","CD0",25.47492,-80.15578,4038450,"NCRMP","NCRMP_GRP",NA
"102","FLK",1232,1,2024,8,15,"SPGR_LR","CFK08",0,"R1","CD3",25.58779,-80.09265,4089195,"NCRMP","NCRMP_NA",NA
"103","FLK",1154,1,2024,8,15,"CONT_LR","CFK04",0,"R2","CD1",25.59212,-80.10577,4091017,"NCRMP","NCRMP_GRP",NA
"104","FLK",1185,1,2024,8,15,"CONT_MR","CFK05",0,"R4","CD1",25.56292,-80.10574,4078791,"NCRMP","NCRMP_GRP",NA
"105","FLK",1091,1,2024,8,15,"ISOL_LR","CFK03",0,"R1","CD0",25.48353,-80.12162,4042720,"NCRMP","NCRMP_GRP",NA
"106","FLK",8153,1,2024,8,25,"SPGR_MR","CFK05",1,"R4","CD1",24.45962,-81.84538,1932051,"MIR","MIR_GRP",NA
"107","FLK",8054,1,2024,8,25,"SPGR_HR","CFK05",1,"R4","CD1",24.46014,-81.84536,1932917,"MIR","MIR_GRP",NA
"108","FLK",8191,1,2024,8,25,"SPGR_LR","CFK06",1,"R1","CD2",24.46193,-81.84039,1936447,"MIR","MIR_GRP",NA
"109","FLK",8055,1,2024,8,25,"SPGR_HR","CFK05",1,"R4","CD1",24.45966,-81.84396,1932054,"MIR","MIR_GRP",NA
"110","FLK",8192,1,2024,8,25,"SPGR_MR","CFK07",0,"R4","CD2",24.46016,-81.84087,1932926,"MIR","MIR_GRP",NA
"111","FLK",8056,1,2024,8,25,"SPGR_LR","CFK05",1,"R4","CD1",24.46006,-81.84296,1932922,"MIR","MIR_GRP",NA
"112","FLK",8356,1,2024,8,25,"SPGR_LR","CFK06",0,"R1","CD2",24.4592,-81.84196,1931192,"MIR","MIR_GRP",NA
"113","FLK",8155,1,2024,8,25,"SPGR_MR","CFK05",1,"R4","CD1",24.46233,-81.84191,1937336,"MIR","MIR_GRP",NA
"114","FLK",8090,1,2024,8,25,"SPGR_LR","CFK06",0,"R1","CD2",24.4596,-81.84245,1932057,"MIR","MIR_GRP",NA
"115","FLK",8284,1,2024,8,25,"SPGR_LR","CFK05",1,"R4","CD1",24.46326,-81.84143,1939129,"MIR","MIR_GRP",NA
"116","FLK",8092,1,2024,8,25,"SPGR_LR","CFK07",0,"R4","CD2",24.45869,-81.84345,1930331,"MIR","MIR_GRP",NA
"117","FLK",8091,1,2024,8,25,"SPGR_LR","CFK07",0,"R4","CD2",24.45868,-81.84397,1930330,"MIR","MIR_GRP",NA
"118","FLK",8283,1,2024,8,25,"SPGR_LR","CFK04",1,"R2","CD1",24.46341,-81.84234,1939127,"MIR","MIR_GRP",NA
"119","FLK",8059,1,2024,8,26,"SPGR_HR","CFK05",1,"R4","CD1",24.54549,-81.40946,2167787,"MIR","MIR_GRP",NA
"120","FLK",8094,1,2024,8,26,"SPGR_LR","CFK07",1,"R4","CD2",24.54362,-81.40951,2161203,"MIR","MIR_GRP",NA
"121","FLK",8057,1,2024,8,26,"SPGR_MR","CFK05",1,"R4","CD1",24.54676,-81.40457,2172783,"MIR","MIR_GRP",NA
"122","FLK",8072,1,2024,8,26,"SPGR_MR","CFK07",1,"R4","CD2",24.54502,-81.4061,2166136,"MIR","MIR_GRP",NA
"123","FLK",8195,1,2024,8,26,"SPGR_MR","CFK07",1,"R4","CD2",24.54626,-81.40404,2171120,"MIR","MIR_GRP",NA
"124","FLK",8173,1,2024,8,26,"SPGR_LR","CFK06",1,"R2","CD2",24.54539,-81.40465,2167797,"MIR","MIR_GRP",NA
"125","FLK",8058,1,2024,8,26,"SPGR_MR","CFK05",1,"R4","CD1",24.54678,-81.40313,2172786,"MIR","MIR_GRP",NA
"126","FLK",8097,1,2024,8,26,"SPGR_LR","CFK06",1,"R2","CD2",24.5459,-81.40217,2169460,"MIR","MIR_GRP",NA
"127","FLK",8157,1,2024,8,26,"SPGR_HR","CFK05",1,"R4","CD1",24.54681,-81.40363,2172785,"MIR","MIR_GRP",NA
"128","FLK",8098,1,2024,8,26,"SPGR_MR","CFK07",1,"R4","CD2",24.5464,-81.4017,2171125,"MIR","MIR_GRP",NA
"129","FLK",8096,1,2024,8,26,"SPGR_MR","CFK07",1,"R4","CD2",24.54683,-81.40079,2172791,"MIR","MIR_GRP",NA
"130","FLK",8358,1,2024,8,26,"SPGR_MR","CFK07",1,"R4","CD2",24.54641,-81.39965,2171129,"MIR","MIR_GRP",NA
"131","FLK",8325,1,2024,8,27,"SPGR_HR","CFK05",1,"R4","CD1",24.62588,-81.11142,2509193,"MIR","MIR_GRP",NA
"132","FLK",8326,1,2024,8,27,"SPGR_HR","CFK05",1,"R4","CD1",24.62629,-81.10989,2511282,"MIR","MIR_GRP",NA
"133","FLK",8060,1,2024,8,27,"SPGR_MR","CFK05",1,"R4","CD1",24.62632,-81.11043,2511281,"MIR","MIR_GRP",NA
"134","FLK",8075,1,2024,8,27,"SPGR_LR","CFK06",1,"R2","CD2",24.62488,-81.11191,2505028,"MIR","MIR_GRP",NA
"135","FLK",8074,1,2024,8,27,"SPGR_LR","CFK06",1,"R2","CD2",24.62589,-81.10961,2509197,"MIR","MIR_GRP",NA
"136","FLK",8174,1,2024,8,27,"SPGR_LR","CFK06",1,"R2","CD2",24.62586,-81.10898,2509198,"MIR","MIR_GRP",NA
"137","FLK",8099,1,2024,8,27,"SPGR_LR","CFK06",1,"R2","CD2",24.62624,-81.108,2511286,"MIR","MIR_GRP",NA
"138","FLK",8121,1,2024,8,28,"ISOL_MR","CFK03",1,"R4","CD0",25.21311,-80.21904,3842258,"MIR","MIR_GRP",NA
"139","FLK",8067,1,2024,8,28,"CONT_LR","CFK04",1,"R2","CD1",25.21639,-80.21851,3845051,"MIR","MIR_GRP",NA
"140","FLK",8176,1,2024,8,28,"SPGR_LR","CFK05",1,"R3","CD1",25.21811,-80.21398,3846644,"MIR","MIR_GRP",NA
"141","FLK",8367,1,2024,8,28,"SPGR_LR","CFK04",1,"R1","CD1",25.21803,-80.21352,3846645,"MIR","MIR_GRP",NA
"142","FLK",8329,1,2024,8,28,"SPGR_HR","CFK07",1,"R4","CD2",25.21948,-80.21648,3847833,"MIR","MIR_GRP",NA
"143","FLK",8253,1,2024,8,28,"CONT_MR","CFK05",1,"R4","CD1",25.22665,-80.2115,3854167,"MIR","MIR_GRP",NA
"144","FLK",8189,1,2024,8,28,"SPGR_MR","CFK07",1,"R4","CD2",25.21715,-80.21656,3845847,"MIR","MIR_GRP",NA
"145","FLK",8185,1,2024,8,28,"SPGR_HR","CFK07",1,"R4","CD2",25.21314,-80.21699,3842262,"MIR","MIR_GRP",NA
"146","FLK",8149,1,2024,8,28,"SPGR_HR","CFK05",1,"R4","CD1",25.21217,-80.21798,3841444,"MIR","MIR_GRP",NA
"147","FLK",8312,1,2024,8,28,"SPGR_MR","CFK05",1,"R4","CD1",25.21085,-80.21849,3840211,"MIR","MIR_GRP",NA
"148","FLK",8313,1,2024,8,28,"SPGR_HR","CFK05",1,"R4","CD1",25.21043,-80.2185,3839797,"MIR","MIR_GRP",NA
"149","FLK",8186,1,2024,8,29,"SPGR_HR","CFK05",1,"R4","CD1",25.20634,-80.22202,3835992,"MIR","MIR_GRP",NA
"150","FLK",8238,1,2024,8,29,"CONT_MR","CFK03",1,"R4","CD0",25.20727,-80.22203,3836848,"MIR","MIR_GRP",NA
"151","FLK",8152,1,2024,8,29,"SPGR_MR","CFK05",1,"R4","CD1",25.20799,-80.21998,3837700,"MIR","MIR_GRP",NA
"152","FLK",8389,1,2024,8,29,"SPGR_HR","CFK07",1,"R4","CD2",25.20716,-80.22058,3836851,"MIR","MIR_GRP",NA
"153","FLK",8386,1,2024,8,29,"SPGR_MR","CFK07",1,"R4","CD2",25.20672,-80.22055,3836423,"MIR","MIR_GRP",NA
"154","FLK",8391,1,2024,8,29,"SPGR_HR","CFK07",1,"R4","CD2",25.20681,-80.22109,3836422,"MIR","MIR_GRP",NA
"155","FLK",8392,1,2024,8,29,"SPGR_HR","CFK05",1,"R4","CD1",25.20813,-80.2196,3837701,"MIR","MIR_GRP",NA
"156","FLK",8087,1,2024,8,29,"SPGR_MR","CFK07",1,"R4","CD2",25.20901,-80.21861,3838547,"MIR","MIR_GRP",NA
"157","FLK",8089,1,2024,8,29,"SPGR_MR","CFK07",1,"R4","CD2",25.21174,-80.2176,3841037,"MIR","MIR_GRP",NA
"158","FLK",8388,1,2024,8,30,"SPGR_LR","CFK07",1,"R4","CD2",25.21357,-80.21605,3842664,"MIR","MIR_GRP",NA
"159","FLK",8123,1,2024,8,30,"SPGR_HR","CFK03",1,"R4","CD0",25.20939,-80.21904,3838968,"MIR","MIR_GRP",NA
"160","FLK",8240,1,2024,8,30,"SPGR_MR","CFK03",1,"R4","CD0",25.20908,-80.21947,3838545,"MIR","MIR_GRP",NA
"161","FLK",8050,1,2024,8,30,"SPGR_LR","CFK05",1,"R4","CD1",25.21132,-80.21951,3840625,"MIR","MIR_GRP",NA
"162","FLK",8131,1,2024,8,30,"SPGR_MR","CFK05",1,"R4","CD1",25.22479,-80.21002,3852592,"MIR","MIR_GRP",NA
"163","FLK",8297,1,2024,8,30,"RUBB_MR","CFK05",1,"R4","CD1",25.22438,-80.21108,3852194,"MIR","MIR_GRP",NA
"164","FLK",8306,1,2024,8,30,"SPGR_HR","CFK05",1,"R4","CD1",25.22571,-80.20854,3853387,"MIR","MIR_GRP",NA
"165","FLK",8146,1,2024,8,30,"SPGR_MR","CFK05",1,"R4","CD1",25.22524,-80.20905,3852990,"MIR","MIR_GRP",NA
"166","FLK",8147,1,2024,8,30,"SPGR_HR","CFK05",1,"R4","CD1",25.22431,-80.20905,3852198,"MIR","MIR_GRP",NA
"167","FLK",8048,1,2024,8,30,"SPGR_MR","CFK05",1,"R4","CD1",25.22432,-80.20955,3852197,"MIR","MIR_GRP",NA
"168","FLK",8302,1,2024,8,30,"SPGR_HR","CFK05",1,"R4","CD1",25.22301,-80.21003,3851014,"MIR","MIR_GRP",NA
"169","FLK",8145,1,2024,8,30,"SPGR_MR","CFK05",1,"R4","CD1",25.22347,-80.20999,3851408,"MIR","MIR_GRP",NA
"170","FLK",8076,1,2024,8,31,"SPGR_HR","CFK07",1,"R4","CD2",25.22167,-80.20995,3849832,"MIR","MIR_GRP",NA
"171","FLK",8298,1,2024,8,31,"SPGR_HR","CFK05",1,"R4","CD1",25.22164,-80.21049,3849831,"MIR","MIR_GRP",NA
"172","FLK",8084,1,2024,8,31,"SPGR_MR","CFK07",1,"R4","CD2",25.21942,-80.21101,3847844,"MIR","MIR_GRP",NA
"173","FLK",8382,1,2024,8,31,"SPGR_MR","CFK07",1,"R4","CD2",25.22302,-80.209,3851016,"MIR","MIR_GRP",NA
"174","FLK",8080,1,2024,8,31,"SPGR_MR","CFK07",1,"R4","CD2",25.2244,-80.208,3852200,"MIR","MIR_GRP",NA
"175","FLK",8078,1,2024,8,31,"SPGR_MR","CFK07",1,"R4","CD2",25.22751,-80.20597,3854966,"MIR","MIR_GRP",NA
"176","FLK",8183,1,2024,8,31,"SPGR_HR","CFK07",1,"R4","CD2",25.21898,-80.21147,3847445,"MIR","MIR_GRP",NA
"177","FLK",8079,1,2024,8,31,"SPGR_MR","CFK07",1,"R4","CD2",25.21897,-80.21183,3847444,"MIR","MIR_GRP",NA
"178","FLK",8181,1,2024,8,31,"SPGR_MR","CFK07",1,"R4","CD2",25.21718,-80.21355,3845853,"MIR","MIR_GRP",NA
"179","FLK",8077,1,2024,8,31,"SPGR_HR","CFK07",1,"R4","CD2",25.2185,-80.21521,3847040,"MIR","MIR_GRP",NA
"180","FLK",8115,1,2024,9,1,"ISOL_HR","CFK02",1,"R4","CD0",24.90449,-80.61555,3462289,"MIR","MIR_GRP",NA
"181","FLK",8116,1,2024,9,1,"ISOL_HR","CFK02",1,"R4","CD0",24.90403,-80.61806,3461604,"MIR","MIR_GRP",NA
"182","FLK",8020,1,2024,9,1,"ISOL_HR","CFK02",0,"R4","CD0",24.89724,-80.62149,3451561,"MIR","MIR_GRP",NA
"183","FLK",8114,1,2024,9,1,"ISOL_HR","CFK02",0,"R4","CD0",24.89636,-80.61955,3450249,"MIR","MIR_GRP",NA
"184","FLK",8013,1,2024,9,1,"ISOL_HR","CFK02",0,"R4","CD0",24.89684,-80.62004,3450908,"MIR","MIR_GRP",NA
"185","FLK",8019,1,2024,9,1,"ISOL_HR","CFK02",0,"R4","CD0",24.89683,-80.62053,3450907,"MIR","MIR_GRP",NA
"186","FLK",8110,1,2024,9,1,"ISOL_HR","CFK02",0,"R4","CD0",24.89774,-80.61802,3452226,"MIR","MIR_GRP",NA
"187","FLK",8021,1,2024,9,1,"ISOL_HR","CFK02",0,"R4","CD0",24.89729,-80.61838,3451567,"MIR","MIR_GRP",NA
"188","FLK",8012,1,2024,9,1,"ISOL_HR","CFK02",0,"R4","CD0",24.89683,-80.61849,3450911,"MIR","MIR_GRP",NA
"189","FLK",8018,1,2024,9,1,"ISOL_MR","CFK02",0,"R4","CD0",24.89689,-80.61702,3450914,"MIR","MIR_GRP",NA
"190","FLK",8017,1,2024,9,1,"ISOL_HR","CFK02",0,"R4","CD0",24.89638,-80.61802,3450252,"MIR","MIR_GRP",NA
"191","FLK",8202,1,2024,9,2,"ISOL_HR","CFK01",0,"R4","CD0",24.61784,-81.38011,2472501,"MIR","MIR_GRP",NA
"192","FLK",8200,1,2024,9,2,"ISOL_HR","CFK01",0,"R4","CD0",24.61463,-81.38071,2457624,"MIR","MIR_GRP",NA
"193","FLK",8102,1,2024,9,2,"ISOL_HR","CFK01",0,"R4","CD0",24.61458,-81.37965,2457626,"MIR","MIR_GRP",NA
"194","FLK",8211,1,2024,9,2,"ISOL_HR","CFK01",0,"R4","CD0",24.61518,-81.38414,2459731,"MIR","MIR_GRP",NA
"195","FLK",8007,1,2024,9,2,"ISOL_MR","CFK01",1,"R4","CD0",24.61588,-81.39077,2463949,"MIR","MIR_GRP",NA
"196","FLK",8104,1,2024,9,2,"ISOL_MR","CFK01",1,"R4","CD0",24.61401,-81.39243,2455492,"MIR","MIR_GRP",NA
"197","FLK",8002,1,2024,9,2,"CONT_LR","CFK01",1,"R1","CD0",24.61359,-81.39339,2453382,"MIR","MIR_GRP",NA
"198","FLK",8005,1,2024,9,2,"ISOL_HR","CFK01",1,"R4","CD0",24.61461,-81.39344,2457598,"MIR","MIR_GRP",NA
"199","FLK",8100,1,2024,9,2,"ISOL_HR","CFK01",1,"R4","CD0",24.61459,-81.39289,2457599,"MIR","MIR_GRP",NA
"200","FLK",8009,1,2024,9,2,"ISOL_MR","CFK01",1,"R4","CD0",24.61422,-81.39231,2455492,"MIR","MIR_GRP",NA
"201","FLK",8126,1,2024,9,18,"SPGR_MR","CFK03",0,"R4","CD0",25.14037,-80.29441,3767845,"MIR","MIR_GRP",NA
"202","FLK",8252,1,2024,9,18,"SPGR_HR","CFK03",0,"R4","CD0",25.13993,-80.29438,3767335,"MIR","MIR_GRP",NA
"203","FLK",8246,1,2024,9,18,"SPGR_MR","CFK03",0,"R4","CD0",25.13897,-80.29486,3766314,"MIR","MIR_GRP",NA
"204","FLK",8136,1,2024,9,18,"SPGR_LR","CFK05",1,"R4","CD1",25.22032,-80.212,3848640,"MIR","MIR_GRP",NA
"205","FLK",8305,1,2024,9,18,"SPGR_MR","CFK05",1,"R4","CD1",25.22076,-80.21102,3849038,"MIR","MIR_GRP",NA
"206","FLK",1382,1,2024,9,30,"SPGR_HR","CFK11",1,"R4","CD4",24.45083,-81.87974,1916387,"NCRMP","NCRMP_NA",NA
"207","FLK",1353,1,2024,9,30,"SPGR_HR","CFK05",1,"R4","CD1",24.45346,-81.87549,1921140,"NCRMP","NCRMP_GRP",NA
"208","FLK",1236,1,2024,9,30,"SPGR_HR","CFK09",0,"R4","CD3",24.44004,-81.8769,1898905,"NCRMP","NCRMP_NA",NA
"209","FLK",1072,1,2024,9,30,"ISOL_MR","CFK03",0,"R4","CD0",24.47752,-81.89883,1969885,"NCRMP","NCRMP_GRP",NA
"210","FLK",1267,1,2024,10,1,"SPGR_HR","CFK11",0,"R4","CD4",24.58645,-81.23243,2330158,"NCRMP","NCRMP_NA",NA
"211","FLK",1187,1,2024,10,1,"SPGR_LR","CFK08",0,"R1","CD3",24.55597,-81.35743,2206811,"NCRMP","NCRMP_NA",NA
"212","FLK",1189,1,2024,10,1,"SPGR_MR","CFK09",0,"R4","CD3",24.56457,-81.32234,2240394,"NCRMP","NCRMP_NA",NA
"213","FLK",1215,1,2024,10,1,"SPGR_MR","CFK09",0,"R4","CD3",24.60286,-81.18415,2401916,"NCRMP","NCRMP_NA",NA
"214","FLK",1074,1,2024,10,1,"ISOL_LR","CFK03",0,"R4","CD0",24.57825,-81.28482,2295628,"NCRMP","NCRMP_GRP",NA
"215","FLK",1801,1,2024,10,1,"SPGR_LR","CFK04",0,"R2","CD1",24.64,-81.06656,2572990,"NCRMP","NCRMP_GRP",NA
"216","FLK",1566,1,2024,10,1,"SPGR_LR","CFK07",0,"R4","CD2",24.63583,-81.07148,2554500,"NCRMP","NCRMP_GRP",NA
"217","FLK",1240,1,2024,10,1,"SPGR_MR","CFK09",0,"R4","CD3",24.61783,-81.1278,2470872,"NCRMP","NCRMP_NA",NA
"218","FLK",1005,1,2024,10,1,"ISOL_LR","CFK01",0,"R1","CD0",24.75144,-80.92049,3048237,"NCRMP","NCRMP_GRP",NA
"219","FLK",1209,1,2024,10,2,"SPGR_HR","CFK09",0,"R4","CD3",24.65609,-81.0033,2643962,"NCRMP","NCRMP_NA",NA
"220","FLK",1565,1,2024,10,2,"SPGR_MR","CFK07",0,"R4","CD2",24.66663,-80.98309,2688599,"NCRMP","NCRMP_GRP",NA
"221","FLK",1193,1,2024,10,2,"ISOL_MR","CFK09",0,"R4","CD3",24.67686,-80.94236,2732733,"NCRMP","NCRMP_NA",NA
"222","FLK",1120,1,2024,10,2,"SPGR_LR","CFK06",0,"R1","CD2",24.67654,-80.94989,2730818,"NCRMP","NCRMP_GRP",NA
"223","FLK",1354,1,2024,10,2,"CONT_MR","CFK07",1,"R4","CD2",24.6819,-80.97296,2753579,"NCRMP","NCRMP_GRP",NA
"224","FLK",1325,1,2024,10,2,"CONT_LR","CFK04",1,"R2","CD1",24.68322,-80.97264,2759252,"NCRMP","NCRMP_GRP",NA
"225","FLK",1033,1,2024,10,2,"ISOL_MR","CFK02",0,"R4","CD0",24.70397,-80.99337,2846894,"NCRMP","NCRMP_GRP",NA
"226","FLK",1073,1,2024,10,2,"ISOL_MR","CFK03",0,"R4","CD0",24.69768,-80.95923,2820143,"NCRMP","NCRMP_GRP",NA
"227","FLK",1246,1,2024,11,12,"CONT_MR","CFK09",0,"R4","CD3",25.67087,-80.08851,4125456,"NCRMP","NCRMP_NA",NA
"228","FLK",1803,1,2024,11,12,"CONT_LR","CFK09",0,"R4","CD3",25.73257,-80.08905,4148488,"NCRMP","NCRMP_NA",NA
"229","FLK",1233,1,2024,11,12,"CONT_MR","CFK07",0,"R4","CD2",25.72458,-80.09912,4145588,"NCRMP","NCRMP_GRP",NA
"230","FLK",1215,1,2022,10,3,"SPGR_LR","CFK08",NA,NA,"CD3",24.58986,-81.23386,2345747,"NCRMP","NCRMP_NA",1
"231","FLK",1294,1,2022,8,25,"CONT_LR","CFK08",NA,NA,"CD3",25.16652,-80.23596,3796668,"NCRMP","NCRMP_NA",1
"232","FLK",1305,1,2022,8,25,"CONT_MR","CFK08",NA,NA,"CD3",25.18333,-80.2286,3813145,"NCRMP","NCRMP_NA",1
"233","FLK",1210,1,2022,7,11,"CONT_HR","CFK09",NA,NA,"CD3",24.4977,-81.62554,2016905,"NCRMP","NCRMP_NA",1
"234","FLK",1225,1,2022,8,18,"CONT_HR","CFK09",NA,NA,"CD3",25.56482,-80.09821,4079582,"NCRMP","NCRMP_NA",1
"235","FLK",1239,1,2022,8,4,"SPGR_HR","CFK09",NA,NA,"CD3",25.09026,-80.30066,3709023,"NCRMP","NCRMP_NA",1
"236","FLK",1241,1,2022,8,2,"SPGR_HR","CFK09",NA,NA,"CD3",25.29411,-80.17136,3917371,"NCRMP","NCRMP_NA",1
"237","FLK",1283,1,2022,10,4,"CONT_HR","CFK09",NA,NA,"CD3",24.65934,-80.99064,2657579,"NCRMP","NCRMP_NA",1
"238","FLK",1299,1,2022,8,5,"SPGR_HR","CFK09",NA,NA,"CD3",25.05788,-80.32717,3668906,"NCRMP","NCRMP_NA",1
"239","FLK",1313,1,2022,8,16,"SPGR_HR","CFK09",NA,NA,"CD3",25.48157,-80.10792,4041860,"NCRMP","NCRMP_NA",1
"240","FLK",1316,1,2022,8,18,"SPGR_HR","CFK09",NA,NA,"CD3",25.5831,-80.0925,4087315,"NCRMP","NCRMP_NA",1
"241","FLK",1454,1,2022,8,3,"ISOL_HR","CFK09",NA,NA,"CD3",25.22483,-80.20612,3852600,"NCRMP","NCRMP_NA",1
"242","FLK",1464,1,2022,8,5,"CONT_MR","CFK09",NA,NA,"CD3",25.01428,-80.36797,3614286,"NCRMP","NCRMP_NA",1
"243","FLK",1467,1,2022,8,1,"SPGR_HR","CFK09",NA,NA,"CD3",24.8429,-80.62317,3350698,"NCRMP","NCRMP_NA",1
"244","FLK",1475,1,2022,8,2,"SPGR_HR","CFK09",NA,NA,"CD3",24.95405,-80.45296,3535393,"NCRMP","NCRMP_NA",1
"245","FLK",1714,1,2022,8,16,"CONT_HR","CFK09",NA,NA,"CD3",25.46913,-80.11053,4035651,"NCRMP","NCRMP_NA",1
"246","FLK",1934,1,2022,8,3,"SPGR_HR","CFK09",NA,NA,"CD3",25.2027,-80.21812,3832532,"NCRMP","NCRMP_NA",1
"247","FLK",1302,1,2022,8,24,"ISOL_HR","CFK11",NA,NA,"CD4",24.98587,-80.41078,3578202,"NCRMP","NCRMP_NA",1
"248","FLK",1321,1,2022,7,12,"SPGR_HR","CFK11",NA,NA,"CD4",24.44043,-81.86946,1899586,"NCRMP","NCRMP_NA",1
"249","FLK",1325,1,2022,7,13,"CONT_HR","CFK11",NA,NA,"CD4",24.53696,-81.42903,2136969,"NCRMP","NCRMP_NA",1
"250","FLK",1331,1,2022,7,9,"CONT_HR","CFK11",NA,NA,"CD4",24.46747,-81.72453,1946696,"NCRMP","NCRMP_NA",1
"251","FLK",1342,1,2022,8,1,"SPGR_HR","CFK11",NA,NA,"CD4",24.84347,-80.61668,3351733,"NCRMP","NCRMP_NA",1
"252","FLK",1350,1,2022,8,4,"SPGR_HR","CFK11",NA,NA,"CD4",25.09958,-80.29102,3720530,"NCRMP","NCRMP_NA",1
"253","FLK",1354,1,2022,8,25,"SPGR_HR","CFK11",NA,NA,"CD4",25.15075,-80.2473,3780080,"NCRMP","NCRMP_NA",1
"254","FLK",1355,1,2022,8,24,"SPGR_HR","CFK11",NA,NA,"CD4",24.9689,-80.42719,3555937,"NCRMP","NCRMP_NA",1
"255","FLK",1356,1,2022,8,23,"ISOL_HR","CFK11",NA,NA,"CD4",25.06279,-80.32061,3675109,"NCRMP","NCRMP_NA",1
"256","FLK",1357,1,2022,8,26,"CONT_HR","CFK11",NA,NA,"CD4",25.05236,-80.32988,3662148,"NCRMP","NCRMP_NA",1
"257","FLK",1473,1,2022,8,5,"SPGR_HR","CFK11",NA,NA,"CD4",25.00636,-80.37615,3603970,"NCRMP","NCRMP_NA",1
"258","FLK",1814,1,2022,8,2,"CONT_HR","CFK11",NA,NA,"CD4",24.94144,-80.4633,3517706,"NCRMP","NCRMP_NA",1
"259","FLK",1834,1,2022,8,5,"SPGR_HR","CFK11",NA,NA,"CD4",24.9849,-80.40601,3577063,"NCRMP","NCRMP_NA",1
"260","FLK",8068,1,2022,9,1,"ISOL_HR","CFK11",NA,NA,"CD4",25.7127,-80.08719,4141418,"NCRMP","NCRMP_NA",1
"261","FLK",8076,1,2022,9,1,"ISOL_HR","CFK11",NA,NA,"CD4",25.71423,-80.08803,4142074,"NCRMP","NCRMP_NA",1
"262","FLK",1006,1,2022,8,2,"ISOL_LR","CFK01",NA,NA,"CD0",24.9494,-80.55943,3528306,"NCRMP","NCRMP_GRP",1
"263","FLK",1008,1,2022,8,4,"ISOL_LR","CFK01",NA,NA,"CD0",25.21248,-80.32474,3840821,"NCRMP","NCRMP_GRP",1
"264","FLK",1010,1,2022,8,31,"ISOL_LR","CFK01",NA,NA,"CD0",25.73747,-80.11803,4150162,"NCRMP","NCRMP_GRP",1
"265","FLK",1011,1,2022,8,31,"CONT_MR","CFK01",NA,NA,"CD0",25.7347,-80.11502,4149232,"NCRMP","NCRMP_GRP",1
"266","FLK",1487,1,2022,8,1,"ISOL_LR","CFK01",NA,NA,"CD0",24.94943,-80.55353,3528318,"NCRMP","NCRMP_GRP",1
"267","FLK",1491,1,2022,8,2,"ISOL_LR","CFK01",NA,NA,"CD0",25.33355,-80.22532,3949684,"NCRMP","NCRMP_GRP",1
"268","FLK",8064,1,2022,8,2,"ISOL_LR","CFK01",NA,NA,"CD0",25.34866,-80.22994,3961050,"NCRMP","NCRMP_GRP",1
"269","FLK",8069,1,2022,8,15,"ISOL_LR","CFK01",NA,NA,"CD0",24.97671,-80.53794,3565269,"NCRMP","NCRMP_GRP",1
"270","FLK",8070,1,2022,8,15,"ISOL_LR","CFK01",NA,NA,"CD0",24.96597,-80.53458,3551410,"NCRMP","NCRMP_GRP",1
"271","FLK",8071,1,2022,8,31,"ISOL_LR","CFK01",NA,NA,"CD0",25.74996,-80.12381,4154300,"NCRMP","NCRMP_GRP",1
"272","FLK",1023,1,2022,10,4,"ISOL_MR","CFK02",NA,NA,"CD0",25.008,-80.43486,3606153,"NCRMP","NCRMP_GRP",1
"273","FLK",1072,1,2022,10,4,"ISOL_MR","CFK02",NA,NA,"CD0",24.73738,-80.89785,2989031,"NCRMP","NCRMP_GRP",1
"274","FLK",1074,1,2022,10,4,"ISOL_LR","CFK02",NA,NA,"CD0",24.65303,-81.14329,2630127,"NCRMP","NCRMP_GRP",1
"275","FLK",1019,1,2022,8,3,"ISOL_HR","CFK02",NA,NA,"CD0",25.22912,-80.26825,3856027,"NCRMP","NCRMP_GRP",1
"276","FLK",1027,1,2022,8,18,"ISOL_HR","CFK02",NA,NA,"CD0",25.49277,-80.1408,4047094,"NCRMP","NCRMP_GRP",1
"277","FLK",1050,1,2022,7,17,"ISOL_HR","CFK02",NA,NA,"CD0",24.59584,-81.39432,2373154,"NCRMP","NCRMP_GRP",1
"278","FLK",1052,1,2022,7,10,"ISOL_HR","CFK02",NA,NA,"CD0",24.52915,-81.64928,2113263,"NCRMP","NCRMP_GRP",1
"279","FLK",1055,1,2022,7,11,"ISOL_HR","CFK02",NA,NA,"CD0",24.55509,-81.56663,2206387,"NCRMP","NCRMP_GRP",1
"280","FLK",1063,1,2022,7,13,"CONT_HR","CFK02",NA,NA,"CD0",24.5775,-81.4438,2293416,"NCRMP","NCRMP_GRP",1
"281","FLK",1066,1,2022,7,11,"CONT_MR","CFK02",NA,NA,"CD0",24.54132,-81.59522,2154331,"NCRMP","NCRMP_GRP",1
"282","FLK",1068,1,2022,7,14,"ISOL_HR","CFK02",NA,NA,"CD0",24.50633,-81.73694,2041853,"NCRMP","NCRMP_GRP",1
"283","FLK",1075,1,2022,10,4,"ISOL_HR","CFK02",NA,NA,"CD0",24.72609,-80.93315,2940968,"NCRMP","NCRMP_GRP",1
"284","FLK",1080,1,2022,8,3,"ISOL_HR","CFK02",NA,NA,"CD0",25.22561,-80.26402,3852879,"NCRMP","NCRMP_GRP",1
"285","FLK",1081,1,2022,8,4,"ISOL_HR","CFK02",NA,NA,"CD0",25.24023,-80.26812,3865451,"NCRMP","NCRMP_GRP",1
"286","FLK",1381,1,2022,7,15,"ISOL_HR","CFK02",NA,NA,"CD0",24.51084,-81.70014,2055312,"NCRMP","NCRMP_GRP",1
"287","FLK",1382,1,2022,7,9,"CONT_HR","CFK02",NA,NA,"CD0",24.51784,-81.69489,2076271,"NCRMP","NCRMP_GRP",1
"288","FLK",1502,1,2022,8,4,"ISOL_HR","CFK02",NA,NA,"CD0",25.04403,-80.40663,3651308,"NCRMP","NCRMP_GRP",1
"289","FLK",1541,1,2022,7,12,"ISOL_HR","CFK02",NA,NA,"CD0",24.481,-81.93072,1978128,"NCRMP","NCRMP_GRP",1
"290","FLK",1563,1,2022,8,16,"ISOL_HR","CFK02",NA,NA,"CD0",25.45538,-80.15683,4028652,"NCRMP","NCRMP_GRP",1
"291","FLK",1861,1,2022,7,9,"CONT_HR","CFK02",NA,NA,"CD0",24.52014,-81.71842,2084875,"NCRMP","NCRMP_GRP",1
"292","FLK",1127,1,2022,8,24,"ISOL_MR","CFK03",NA,NA,"CD0",24.98907,-80.42937,3582176,"NCRMP","NCRMP_GRP",1
"293","FLK",1094,1,2022,7,10,"CONT_HR","CFK03",NA,NA,"CD0",24.50915,-81.66546,2049974,"NCRMP","NCRMP_GRP",1
"294","FLK",1118,1,2022,8,1,"ISOL_HR","CFK03",NA,NA,"CD0",24.8699,-80.59293,3408055,"NCRMP","NCRMP_GRP",1
"295","FLK",1129,1,2022,8,3,"ISOL_HR","CFK03",NA,NA,"CD0",25.24768,-80.21071,3872690,"NCRMP","NCRMP_GRP",1
"296","FLK",1130,1,2022,8,26,"ISOL_HR","CFK03",NA,NA,"CD0",25.05964,-80.36034,3671087,"NCRMP","NCRMP_GRP",1
"297","FLK",1131,1,2022,8,3,"ISOL_HR","CFK03",NA,NA,"CD0",25.23556,-80.24455,3861594,"NCRMP","NCRMP_GRP",1
"298","FLK",1153,1,2022,8,24,"ISOL_HR","CFK03",NA,NA,"CD0",24.99324,-80.46076,3587249,"NCRMP","NCRMP_GRP",1
"299","FLK",1247,1,2022,7,12,"ISOL_HR","CFK03",NA,NA,"CD0",24.46419,-81.90593,1941714,"NCRMP","NCRMP_GRP",1
"300","FLK",8065,1,2022,8,15,"ISOL_MR","CFK03",NA,NA,"CD0",24.88259,-80.57458,3429976,"NCRMP","NCRMP_GRP",1
"301","FLK",1159,1,2022,8,16,"CONT_HR","CFK05",NA,NA,"CD1",25.43928,-80.12158,4020653,"NCRMP","NCRMP_GRP",1
"302","FLK",1161,1,2022,8,16,"CONT_HR","CFK05",NA,NA,"CD1",25.43472,-80.12314,4018296,"NCRMP","NCRMP_GRP",1
"303","FLK",1185,1,2022,8,18,"CONT_HR","CFK05",NA,NA,"CD1",25.5673,-80.10477,4080709,"NCRMP","NCRMP_GRP",1
"304","FLK",1392,1,2022,8,22,"ISOL_HR","CFK05",NA,NA,"CD1",25.03544,-80.35284,3640754,"NCRMP","NCRMP_GRP",1
"305","FLK",8067,1,2022,9,15,"CONT_HR","CFK05",NA,NA,"CD1",25.1953,-80.24814,3824878,"NCRMP","NCRMP_GRP",1
"306","FLK",1124,1,2022,8,2,"CONT_MR","CFK06",NA,NA,"CD2",24.93936,-80.48524,3514412,"NCRMP","NCRMP_GRP",1
"307","FLK",1133,1,2022,8,23,"CONT_MR","CFK06",NA,NA,"CD2",25.07583,-80.32059,3691283,"NCRMP","NCRMP_GRP",1
"308","FLK",1162,1,2022,7,6,"RUBB_LR","CFK06",NA,NA,"CD2",25.72854,-80.10325,4147020,"NCRMP","NCRMP_GRP",1
"309","FLK",1199,1,2022,10,4,"CONT_MR","CFK06",NA,NA,"CD2",24.63354,-81.07924,2544254,"NCRMP","NCRMP_GRP",1
"310","FLK",1385,1,2022,8,25,"RUBB_LR","CFK06",NA,NA,"CD2",25.14933,-80.25639,3778051,"NCRMP","NCRMP_GRP",1
"311","FLK",1432,1,2022,8,1,"SPGR_MR","CFK06",NA,NA,"CD2",24.84953,-80.61675,3365231,"NCRMP","NCRMP_GRP",1
"312","FLK",1642,1,2022,8,31,"CONT_MR","CFK06",NA,NA,"CD2",25.75421,-80.10215,4155843,"NCRMP","NCRMP_GRP",1
"313","FLK",1682,1,2022,8,1,"ISOL_MR","CFK06",NA,NA,"CD2",24.90446,-80.53278,3462456,"NCRMP","NCRMP_GRP",1
"314","FLK",1871,1,2022,8,5,"RUBB_LR","CFK06",NA,NA,"CD2",25.03944,-80.35421,3645809,"NCRMP","NCRMP_GRP",1
"315","FLK",1135,1,2022,8,2,"CONT_HR","CFK07",NA,NA,"CD2",24.97169,-80.44789,3559551,"NCRMP","NCRMP_GRP",1
"316","FLK",1144,1,2022,8,23,"CONT_HR","CFK07",NA,NA,"CD2",25.09651,-80.30045,3716699,"NCRMP","NCRMP_GRP",1
"317","FLK",1155,1,2022,8,2,"ISOL_HR","CFK07",NA,NA,"CD2",25.33583,-80.15115,3951925,"NCRMP","NCRMP_GRP",1
"318","FLK",1173,1,2022,10,3,"CONT_MR","CFK07",NA,NA,"CD2",24.5823,-81.26749,2312777,"NCRMP","NCRMP_GRP",1
"319","FLK",1190,1,2022,6,29,"CONT_HR","CFK07",NA,NA,"CD2",25.71133,-80.0872,4140920,"NCRMP","NCRMP_GRP",1
"320","FLK",1203,1,2022,8,2,"CONT_HR","CFK07",NA,NA,"CD2",24.93304,-80.49518,3505204,"NCRMP","NCRMP_GRP",1
"321","FLK",1204,1,2022,8,4,"CONT_HR","CFK07",NA,NA,"CD2",25.12954,-80.2685,3755565,"NCRMP","NCRMP_GRP",1
"322","FLK",1417,1,2022,8,4,"SPGR_HR","CFK07",NA,NA,"CD2",25.14151,-80.25822,3769448,"NCRMP","NCRMP_GRP",1
"323","FLK",1668,1,2022,8,18,"CONT_HR","CFK07",NA,NA,"CD2",25.46593,-80.11841,4034081,"NCRMP","NCRMP_GRP",1
"324","FLK",1415,1,2022,9,20,"ISOL_HR","CFK05",NA,NA,"CD1",25.21439,-80.21659,3843463,"NCRMP","MIR_GRP",1
"325","FLK",9210,1,2022,10,27,"ISOL_HR","CFK02",NA,NA,"CD0",24.90355,-80.60961,3460933,"MIR","NCRMP_GRP",1
"326","FLK",9054,1,2022,8,26,"SPGR_HR","CFK05",NA,NA,"CD1",24.4637,-81.8429,1940026,"MIR","NCRMP_GRP",1
"327","FLK",9080,1,2022,8,22,"CONT_HR","CFK05",NA,NA,"CD1",25.22186,-80.20496,3850238,"MIR","NCRMP_GRP",1
"328","FLK",9079,1,2022,8,22,"CONT_HR","CFK07",NA,NA,"CD2",25.22186,-80.20743,3849837,"MIR","NCRMP_GRP",1
"329","FLK",9001,1,2022,11,1,"ISOL_HR","CFK01",NA,NA,"CD0",24.61778,-81.38014,2472501,"MIR","MIR_GRP",1
"330","FLK",9003,1,2022,11,1,"ISOL_MR","CFK01",NA,NA,"CD0",24.61499,-81.39347,2459712,"MIR","MIR_GRP",1
"331","FLK",9007,1,2022,11,1,"ISOL_HR","CFK01",NA,NA,"CD0",24.61505,-81.38361,2459732,"MIR","MIR_GRP",1
"332","FLK",9102,1,2022,12,16,"CONT_LR","CFK01",NA,NA,"CD0",24.61595,-81.37965,2463972,"MIR","MIR_GRP",1
"333","FLK",9103,1,2022,12,16,"ISOL_LR","CFK01",NA,NA,"CD0",24.61461,-81.39197,2457601,"MIR","MIR_GRP",1
"334","FLK",9109,1,2022,12,16,"ISOL_HR","CFK01",NA,NA,"CD0",24.61546,-81.37965,2461854,"MIR","MIR_GRP",1
"335","FLK",9205,1,2022,12,16,"ISOL_LR","CFK01",NA,NA,"CD0",24.61459,-81.3816,2457622,"MIR","MIR_GRP",1
"336","FLK",9208,1,2022,12,16,"ISOL_MR","CFK01",NA,NA,"CD0",24.61591,-81.39097,2463949,"MIR","MIR_GRP",1
"337","FLK",9013,1,2022,9,8,"ISOL_HR","CFK02",NA,NA,"CD0",24.90357,-80.61605,3460920,"MIR","MIR_GRP",1
"338","FLK",9014,1,2022,9,8,"ISOL_HR","CFK02",NA,NA,"CD0",24.90357,-80.61654,3460919,"MIR","MIR_GRP",1
"339","FLK",9018,1,2022,10,31,"ISOL_HR","CFK02",NA,NA,"CD0",24.89723,-80.62202,3451560,"MIR","MIR_GRP",1
"340","FLK",9020,1,2022,9,8,"ISOL_HR","CFK02",NA,NA,"CD0",24.89816,-80.61755,3452885,"MIR","MIR_GRP",1
"341","FLK",9023,1,2022,9,8,"ISOL_HR","CFK02",NA,NA,"CD0",24.89815,-80.61656,3452887,"MIR","MIR_GRP",1
"342","FLK",9112,1,2022,10,27,"ISOL_HR","CFK02",NA,NA,"CD0",24.90447,-80.61357,3462293,"MIR","MIR_GRP",1
"343","FLK",9116,1,2022,9,8,"ISOL_HR","CFK02",NA,NA,"CD0",24.90447,-80.61604,3462288,"MIR","MIR_GRP",1
"344","FLK",9117,1,2022,9,8,"ISOL_HR","CFK02",NA,NA,"CD0",24.90447,-80.61555,3462289,"MIR","MIR_GRP",1
"345","FLK",9119,1,2022,10,27,"ISOL_HR","CFK02",NA,NA,"CD0",24.90403,-80.61852,3461603,"MIR","MIR_GRP",1
"346","FLK",9122,1,2022,10,26,"ISOL_HR","CFK02",NA,NA,"CD0",24.90358,-80.61902,3460914,"MIR","MIR_GRP",1
"347","FLK",9211,1,2022,10,31,"ISOL_HR","CFK02",NA,NA,"CD0",24.90423,-80.60965,3461621,"MIR","MIR_GRP",1
"348","FLK",9215,1,2022,10,31,"ISOL_HR","CFK02",NA,NA,"CD0",24.89819,-80.61919,3452882,"MIR","MIR_GRP",1
"349","FLK",9026,1,2022,8,23,"CONT_HR","CFK03",NA,NA,"CD0",25.2095,-80.21951,3838967,"MIR","MIR_GRP",1
"350","FLK",9027,1,2022,8,23,"CONT_HR","CFK03",NA,NA,"CD0",25.2082,-80.22201,3837696,"MIR","MIR_GRP",1
"351","FLK",9028,1,2022,8,23,"CONT_HR","CFK03",NA,NA,"CD0",25.20773,-80.22102,3837278,"MIR","MIR_GRP",1
"352","FLK",9029,1,2022,8,20,"CONT_HR","CFK03",NA,NA,"CD0",25.13902,-80.29542,3766313,"MIR","MIR_GRP",1
"353","FLK",9030,1,2022,8,20,"CONT_HR","CFK03",NA,NA,"CD0",25.1395,-80.29491,3766826,"MIR","MIR_GRP",1
"354","FLK",9128,1,2022,8,23,"CONT_HR","CFK03",NA,NA,"CD0",25.20852,-80.2219,3838118,"MIR","MIR_GRP",1
"355","FLK",9228,1,2022,8,23,"ISOL_HR","CFK03",NA,NA,"CD0",25.2077,-80.22251,3837275,"MIR","MIR_GRP",1
"356","FLK",9255,1,2022,8,26,"CONT_MR","CFK05",NA,NA,"CD1",24.46007,-81.84243,1932923,"MIR","MIR_GRP",1
"357","FLK",9036,1,2022,8,19,"CONT_MR","CFK05",NA,NA,"CD1",24.62724,-81.11044,2515409,"MIR","MIR_GRP",1
"358","FLK",9037,1,2022,8,24,"SPGR_HR","CFK05",NA,NA,"CD1",25.21979,-80.21149,3848241,"MIR","MIR_GRP",1
"359","FLK",9038,1,2022,8,24,"ISOL_HR","CFK05",NA,NA,"CD1",25.22296,-80.21146,3851011,"MIR","MIR_GRP",1
"360","FLK",9039,1,2022,8,24,"CONT_HR","CFK05",NA,NA,"CD1",25.22302,-80.21101,3851012,"MIR","MIR_GRP",1
"361","FLK",9040,1,2022,8,24,"CONT_HR","CFK05",NA,NA,"CD1",25.22207,-80.21162,3850225,"MIR","MIR_GRP",1
"362","FLK",9041,1,2022,8,24,"CONT_HR","CFK05",NA,NA,"CD1",25.22075,-80.21151,3849037,"MIR","MIR_GRP",1
"363","FLK",9042,1,2022,8,23,"CONT_HR","CFK05",NA,NA,"CD1",25.22755,-80.20801,3854962,"MIR","MIR_GRP",1
"364","FLK",9043,1,2022,8,23,"SPGR_HR","CFK05",NA,NA,"CD1",25.2117,-80.21802,3841036,"MIR","MIR_GRP",1
"365","FLK",9045,1,2022,8,23,"SPGR_HR","CFK05",NA,NA,"CD1",25.21216,-80.21799,3841444,"MIR","MIR_GRP",1
"366","FLK",9046,1,2022,8,22,"CONT_HR","CFK05",NA,NA,"CD1",25.21138,-80.21945,3840625,"MIR","MIR_GRP",1
"367","FLK",9047,1,2022,8,26,"SPGR_HR","CFK05",NA,NA,"CD1",24.461,-81.8419,1934672,"MIR","MIR_GRP",1
"368","FLK",9048,1,2022,8,18,"SPGR_HR","CFK05",NA,NA,"CD1",24.5459,-81.4066,2169451,"MIR","MIR_GRP",1
"369","FLK",9049,1,2022,8,18,"SPGR_HR","CFK05",NA,NA,"CD1",24.54677,-81.40353,2172785,"MIR","MIR_GRP",1
"370","FLK",9050,1,2022,8,25,"SPGR_HR","CFK05",NA,NA,"CD1",24.54629,-81.40705,2171114,"MIR","MIR_GRP",1
"371","FLK",9052,1,2022,9,7,"SPGR_HR","CFK05",NA,NA,"CD1",24.4596,-81.8453,1932051,"MIR","MIR_GRP",1
"372","FLK",9053,1,2022,8,26,"SPGR_HR","CFK05",NA,NA,"CD1",24.461,-81.84239,1934671,"MIR","MIR_GRP",1
"373","FLK",9138,1,2022,8,24,"SPGR_HR","CFK05",NA,NA,"CD1",25.22209,-80.21058,3850227,"MIR","MIR_GRP",1
"374","FLK",9139,1,2022,8,23,"CONT_HR","CFK05",NA,NA,"CD1",25.22801,-80.20794,3855356,"MIR","MIR_GRP",1
"375","FLK",9142,1,2022,8,24,"SPGR_HR","CFK05",NA,NA,"CD1",25.2194,-80.21202,3847842,"MIR","MIR_GRP",1
"376","FLK",9144,1,2022,8,22,"CONT_HR","CFK05",NA,NA,"CD1",25.21091,-80.21903,3840210,"MIR","MIR_GRP",1
"377","FLK",9151,1,2022,8,19,"SPGR_HR","CFK05",NA,NA,"CD1",24.62678,-81.11092,2513342,"MIR","MIR_GRP",1
"378","FLK",9235,1,2022,8,18,"CONT_MR","CFK05",NA,NA,"CD1",24.54726,-81.40509,2174450,"MIR","MIR_GRP",1
"379","FLK",9063,1,2022,8,21,"CONT_MR","CFK06",NA,NA,"CD2",25.21684,-80.217,3845452,"MIR","MIR_GRP",1
"380","FLK",9068,1,2022,8,18,"SPGR_MR","CFK06",NA,NA,"CD2",24.54589,-81.40121,2169462,"MIR","MIR_GRP",1
"381","FLK",9069,1,2022,8,19,"CONT_LR","CFK06",NA,NA,"CD2",24.6249,-81.11135,2505029,"MIR","MIR_GRP",1
"382","FLK",9194,1,2022,8,19,"SPGR_MR","CFK06",NA,NA,"CD2",24.62538,-81.11042,2507113,"MIR","MIR_GRP",1
"383","FLK",9070,1,2022,8,19,"SPGR_HR","CFK07",NA,NA,"CD2",24.62589,-81.1104,2509195,"MIR","MIR_GRP",1
"384","FLK",9071,1,2022,8,24,"SPGR_HR","CFK07",NA,NA,"CD2",25.22213,-80.21004,3850228,"MIR","MIR_GRP",1
"385","FLK",9072,1,2022,8,24,"SPGR_HR","CFK07",NA,NA,"CD2",25.22265,-80.20949,3850621,"MIR","MIR_GRP",1
"386","FLK",9073,1,2022,8,21,"SPGR_HR","CFK07",NA,NA,"CD2",25.21761,-80.21397,3846248,"MIR","MIR_GRP",1
"387","FLK",9074,1,2022,8,23,"SPGR_HR","CFK07",NA,NA,"CD2",25.22846,-80.20702,3855754,"MIR","MIR_GRP",1
"388","FLK",9076,1,2022,8,21,"SPGR_HR","CFK07",NA,NA,"CD2",25.21718,-80.21401,3845852,"MIR","MIR_GRP",1
"389","FLK",9081,1,2022,8,21,"CONT_HR","CFK07",NA,NA,"CD2",25.21799,-80.21851,3846635,"MIR","MIR_GRP",1
"390","FLK",9082,1,2022,8,21,"CONT_HR","CFK07",NA,NA,"CD2",25.21712,-80.21651,3845847,"MIR","MIR_GRP",1
"391","FLK",9083,1,2022,8,21,"CONT_HR","CFK07",NA,NA,"CD2",25.21761,-80.21651,3846243,"MIR","MIR_GRP",1
"392","FLK",9084,1,2022,8,21,"CONT_HR","CFK07",NA,NA,"CD2",25.21748,-80.21811,3846240,"MIR","MIR_GRP",1
"393","FLK",9085,1,2022,8,22,"CONT_HR","CFK07",NA,NA,"CD2",25.21531,-80.21503,3844262,"MIR","MIR_GRP",1
"394","FLK",9086,1,2022,9,7,"SPGR_HR","CFK07",NA,NA,"CD2",24.4596,-81.8458,1932050,"MIR","MIR_GRP",1
"395","FLK",9087,1,2022,8,18,"SPGR_HR","CFK07",NA,NA,"CD2",24.54538,-81.40608,2167794,"MIR","MIR_GRP",1
"396","FLK",9088,1,2022,8,19,"SPGR_HR","CFK07",NA,NA,"CD2",24.54497,-81.4071,2166134,"MIR","MIR_GRP",1
"397","FLK",9089,1,2022,8,18,"SPGR_HR","CFK07",NA,NA,"CD2",24.54673,-81.40108,2172790,"MIR","MIR_GRP",1
"398","FLK",9090,1,2022,8,19,"SPGR_HR","CFK07",NA,NA,"CD2",24.54408,-81.40804,2162840,"MIR","MIR_GRP",1
"399","FLK",9091,1,2022,8,18,"SPGR_HR","CFK07",NA,NA,"CD2",24.54586,-81.4045,2169455,"MIR","MIR_GRP",1
"400","FLK",9092,1,2022,8,18,"SPGR_HR","CFK07",NA,NA,"CD2",24.54597,-81.4026,2169459,"MIR","MIR_GRP",1
"401","FLK",9093,1,2022,8,19,"SPGR_HR","CFK07",NA,NA,"CD2",24.54458,-81.41058,2164481,"MIR","MIR_GRP",1
"402","FLK",9097,1,2022,8,26,"CONT_MR","CFK07",NA,NA,"CD2",24.46003,-81.84194,1932924,"MIR","MIR_GRP",1
"403","FLK",9100,1,2022,8,26,"CONT_HR","CFK07",NA,NA,"CD2",24.46188,-81.83999,1936448,"MIR","MIR_GRP",1
"404","FLK",9161,1,2022,8,22,"CONT_HR","CFK07",NA,NA,"CD2",25.21313,-80.2161,3842264,"MIR","MIR_GRP",1
"405","FLK",9166,1,2022,8,18,"ISOL_MR","CFK07",NA,NA,"CD2",24.54535,-81.40321,2167800,"MIR","MIR_GRP",1
"406","FLK",9167,1,2022,8,18,"SPGR_HR","CFK07",NA,NA,"CD2",24.54502,-81.40603,2166136,"MIR","MIR_GRP",1
"407","FLK",9176,1,2022,8,21,"CONT_HR","CFK07",NA,NA,"CD2",25.21806,-80.21402,3846644,"MIR","MIR_GRP",1
"408","FLK",9180,1,2022,8,21,"CONT_HR","CFK07",NA,NA,"CD2",25.21758,-80.21352,3846249,"MIR","MIR_GRP",1
"409","FLK",9195,1,2022,8,24,"CONT_HR","CFK07",NA,NA,"CD2",25.22077,-80.21005,3849040,"MIR","MIR_GRP",1
"410","FLK",9196,1,2022,8,22,"CONT_HR","CFK07",NA,NA,"CD2",25.2077,-80.2196,3837281,"MIR","MIR_GRP",1
"411","FLK",9199,1,2022,8,26,"SPGR_HR","CFK07",NA,NA,"CD2",24.46102,-81.84145,1934673,"MIR","MIR_GRP",1
"412","FLK",9256,1,2022,8,21,"CONT_HR","CFK07",NA,NA,"CD2",25.22127,-80.21392,3849428,"MIR","MIR_GRP",1
"413","FLK",9265,1,2022,8,21,"CONT_HR","CFK07",NA,NA,"CD2",25.22135,-80.21333,3849429,"MIR","MIR_GRP",1
"414","FLK",9298,1,2022,8,26,"CONT_MR","CFK07",NA,NA,"CD2",24.45918,-81.8434,1931189,"MIR","MIR_GRP",1
